242,302,61,5,0,0,0,0,302,1127,629,200,50,17,0,0,60,672,785,464,200,74,18,3,5,166,498,410,266,134,67,29,1,43,195,261,222,176,95,85,0,12,90,149,163,143,96,113,0,0,19,57,89,106,84,121,0,1,6,32,77,121,116,441
208,314,71,12,2,2,0,0,321,1098,628,199,63,17,6,3,73,667,833,426,171,76,29,13,7,186,461,427,263,149,49,33,1,46,185,272,250,158,96,59,1,14,75,143,174,147,97,116,0,3,20,66,82,107,80,115,0,0,4,26,67,115,118,456
242,302,60,5,1,0,0,0,302,1127,672,166,43,12,0,1,61,629,785,498,195,90,19,6,5,200,464,410,261,149,57,32,0,50,200,266,222,163,89,77,0,17,74,134,176,143,106,121,0,0,18,67,95,96,84,116,0,0,3,29,85,113,121,441
208,321,73,7,1,1,0,0,314,1098,667,186,46,14,3,0,71,628,833,461,185,75,20,4,12,199,426,427,272,143,66,26,2,63,171,263,250,174,82,67,2,17,76,149,158,147,107,115,0,6,29,49,96,97,80,118,0,3,13,33,59,116,115,456
407,460,27,2,0,0,0,0,459,2280,742,142,23,7,1,2,20,736,992,404,127,36,20,1,5,128,424,382,206,87,36,16,0,32,111,218,145,93,45,40,0,4,46,90,89,83,42,58,0,0,6,36,47,51,38,55,0,0,2,20,47,56,51,223
407,459,20,5,0,0,0,0,460,2280,736,128,32,4,0,0,27,742,992,424,111,46,6,2,2,142,404,382,218,90,36,20,0,23,127,206,145,89,47,47,0,7,36,87,93,83,51,56,0,1,20,36,45,42,38,51,0,2,1,16,40,58,55,223
448,428,12,1,0,0,0,0,432,2431,677,98,3,2,0,0,9,714,1059,425,96,34,3,1,0,74,424,439,243,76,24,8,0,15,109,220,154,112,49,23,0,1,36,70,110,75,58,68,0,2,8,20,40,64,42,59,0,0,2,16,36,53,57,240
448,432,9,0,0,0,0,0,428,2431,714,74,15,1,2,0,12,677,1059,424,109,36,8,2,1,98,425,439,220,70,20,16,0,3,96,243,154,110,40,36,0,2,34,76,112,75,64,53,0,0,3,24,49,58,42,57,0,0,1,8,23,68,59,240
644,573,21,0,0,1,1,0,544,2654,654,97,18,2,1,3,15,650,774,298,75,33,14,9,4,83,291,241,138,71,23,32,0,28,91,125,104,77,46,35,1,5,31,64,72,64,50,72,1,0,8,27,51,39,34,79,1,0,9,28,48,75,70,601
644,544,15,4,0,1,1,1,573,2654,650,83,28,5,0,0,21,654,774,291,91,31,8,9,0,97,298,241,125,64,27,28,0,18,75,138,104,72,51,48,1,2,33,71,77,64,39,75,1,1,14,23,46,50,34,70,0,3,9,32,35,72,79,601
699,528,11,3,1,0,0,0,512,2680,660,91,23,4,1,0,20,641,766,292,85,43,11,7,7,102,266,233,124,87,31,29,0,30,102,121,91,56,43,61,2,7,36,62,66,63,38,85,0,2,20,31,40,45,30,70,0,3,12,39,71,53,78,586
699,512,20,7,0,2,0,0,528,2680,641,102,30,7,2,3,11,660,766,266,102,36,20,12,3,91,292,233,121,62,31,39,1,23,85,124,91,66,40,71,0,4,43,87,56,63,45,53,0,1,11,31,43,38,30,78,0,0,7,29,61,85,70,586
667,564,22,1,0,0,0,0,563,2660,725,85,17,8,4,5,16,718,881,397,91,23,7,8,1,112,366,328,157,75,20,21,2,10,105,165,140,69,27,29,0,4,19,50,92,55,47,31,1,1,8,21,36,35,29,39,1,3,6,24,20,40,35,214
667,563,16,1,2,0,1,1,564,2660,718,112,10,4,1,3,22,725,881,366,105,19,8,6,1,85,397,328,165,50,21,24,0,17,91,157,140,92,36,20,0,8,23,75,69,55,35,40,0,4,7,20,27,47,29,35,0,5,8,21,29,31,39,214
710,525,22,1,0,0,0,0,530,2730,688,95,21,5,4,1,14,672,905,380,107,29,16,4,2,98,374,331,156,69,26,16,0,23,99,176,110,75,34,31,0,7,21,57,86,61,31,37,0,3,9,17,37,28,25,53,0,3,4,25,36,40,34,207
710,530,14,2,0,0,0,0,525,2730,672,98,23,7,3,3,22,688,905,374,99,21,9,4,1,95,380,331,176,57,17,25,0,21,107,156,110,86,37,36,0,5,29,69,75,61,28,40,0,4,16,26,34,31,25,34,0,1,4,16,31,37,53,207
450,371,14,4,0,0,0,0,357,1903,760,152,24,2,0,1,28,763,1175,567,126,33,3,2,5,155,551,524,269,100,19,11,0,17,148,251,189,100,42,22,0,2,25,86,108,70,45,33,0,0,9,35,29,43,33,24,0,0,2,10,26,23,29,130
450,357,28,5,0,0,0,0,371,1903,763,155,17,2,0,0,14,760,1175,551,148,25,9,2,4,152,567,524,251,86,35,10,0,24,126,269,189,108,29,26,0,2,33,100,100,70,43,23,0,0,3,19,42,45,33,29,0,1,2,11,22,33,24,130
479,345,10,1,0,0,0,0,338,2051,701,105,13,2,0,0,15,703,1272,548,130,22,6,1,0,107,563,597,257,73,21,12,1,9,124,254,211,108,42,16,2,2,21,87,94,92,34,35,0,1,3,23,42,38,33,33,2,1,5,9,21,33,34,118
479,338,15,0,1,2,0,2,345,2051,703,107,9,2,1,1,10,701,1272,563,124,21,3,5,1,105,548,597,254,87,23,9,0,13,130,257,211,94,42,21,0,2,22,73,108,92,38,33,0,0,6,21,42,34,33,34,0,0,1,12,16,35,33,118
493,412,22,3,1,0,0,0,404,2035,770,140,18,4,0,0,9,738,1061,494,122,28,14,0,1,124,479,452,248,86,33,14,0,12,117,243,215,99,47,31,0,2,19,89,102,73,57,36,0,2,7,30,45,55,41,58,0,0,3,10,28,40,53,181
493,404,9,1,0,0,0,0,412,2035,738,124,12,2,2,0,22,770,1061,479,117,19,7,3,3,140,494,452,243,89,30,10,1,18,122,248,215,102,45,28,0,4,28,86,99,73,55,40,0,0,14,33,47,57,41,53,0,0,0,14,31,36,58,181
536,366,5,0,0,0,0,0,375,2181,695,103,5,0,0,0,11,709,1124,490,107,25,3,0,0,80,503,493,265,76,27,9,0,5,114,263,211,106,47,27,0,1,16,77,115,72,67,38,0,0,2,17,52,67,43,63,0,0,1,7,23,37,58,183
536,375,11,0,0,0,0,0,366,2181,709,80,5,1,0,0,5,695,1124,503,114,16,2,1,0,103,490,493,263,77,17,7,0,5,107,265,211,115,52,23,0,0,25,76,106,72,67,37,0,0,3,27,47,67,43,58,0,0,0,9,27,38,63,183
708,513,27,0,0,0,0,0,539,2301,714,123,14,1,0,0,20,754,1080,493,106,27,2,2,2,118,492,423,203,65,23,6,0,29,126,193,162,57,33,12,0,4,31,60,62,49,32,24,0,0,5,18,34,31,19,28,0,0,2,8,19,22,23,61
708,539,20,2,0,0,0,0,513,2301,754,118,29,4,0,0,27,714,1080,492,126,31,5,2,0,123,493,423,193,60,18,8,0,14,106,203,162,62,34,19,0,1,27,65,57,49,31,22,0,0,2,23,33,32,19,23,0,0,2,6,12,24,28,61
750,502,10,2,0,0,0,0,499,2418,700,86,6,1,0,0,14,705,1145,498,92,14,1,0,0,78,485,466,214,58,11,6,0,3,115,195,173,81,33,11,0,0,17,62,81,46,34,22,0,0,2,14,26,40,25,26,0,0,2,3,10,19,30,69
750,499,14,0,0,0,0,0,502,2418,705,78,3,0,0,0,10,700,1145,485,115,17,2,2,2,86,498,466,195,62,14,3,0,6,92,214,173,81,26,10,0,1,14,58,81,46,40,19,0,0,1,11,33,34,25,30,0,0,0,6,11,22,26,69
717,603,27,2,0,0,0,0,600,2757,714,100,27,10,2,2,29,722,845,315,122,31,4,6,1,109,323,299,118,56,26,18,2,19,123,119,116,61,33,38,0,9,26,58,57,45,29,49,0,1,12,21,32,29,23,43,0,1,4,24,40,41,46,214
717,600,29,1,2,0,0,0,603,2757,722,109,19,9,1,1,27,714,845,323,123,26,12,4,2,100,315,299,119,58,21,24,0,27,122,118,116,57,32,40,0,10,31,56,61,45,29,41,0,2,4,26,33,29,23,46,0,2,6,18,38,49,43,214
711,613,17,2,0,0,0,0,606,2783,701,103,19,6,2,0,24,668,910,332,100,34,9,8,5,108,315,280,150,48,30,12,1,29,88,146,124,60,31,32,0,11,29,38,57,50,32,54,0,3,6,23,26,29,27,47,0,1,7,22,40,45,31,215
711,606,24,5,1,0,0,0,613,2783,668,108,29,11,3,1,17,701,910,315,88,29,6,7,2,103,332,280,146,38,23,22,0,19,100,150,124,57,26,40,0,6,34,48,60,50,29,45,0,2,9,30,31,32,27,31,0,0,8,12,32,54,47,215
774,638,16,0,0,0,0,0,643,2820,696,106,9,4,0,1,22,714,802,296,91,26,10,3,1,101,310,267,151,79,31,14,0,16,99,156,131,61,38,27,0,10,18,78,78,54,35,30,0,2,6,26,33,32,30,46,0,0,7,14,26,44,31,147
774,643,22,1,0,0,0,0,638,2820,714,101,16,10,2,0,16,696,802,310,99,18,6,7,0,106,296,267,156,78,26,14,0,9,91,151,131,78,33,26,0,4,26,79,61,54,32,44,0,0,10,31,38,35,30,31,0,1,3,14,27,30,46,147
785,624,11,1,0,0,0,0,631,2911,651,95,15,4,0,1,17,662,857,299,88,27,9,1,0,79,302,296,164,72,24,11,0,17,98,155,125,62,32,30,0,2,27,59,62,65,42,44,0,3,6,29,38,35,19,43,0,0,2,9,33,36,50,140
785,631,17,0,0,0,0,0,624,2911,662,79,17,2,3,0,11,651,857,302,98,27,6,2,1,95,299,296,155,59,29,9,0,15,88,164,125,62,38,33,0,4,27,72,62,65,35,36,0,0,9,24,32,42,19,50,0,1,1,11,30,44,43,140
450,457,31,7,0,0,0,0,457,2418,820,116,23,11,4,2,16,808,1077,450,109,33,7,9,3,113,456,371,181,41,17,28,0,31,99,168,148,70,33,27,0,11,31,62,63,45,28,43,0,3,6,27,19,37,20,43,0,1,5,18,36,46,47,218
450,457,16,3,0,0,0,0,457,2418,808,113,31,11,3,1,31,820,1077,456,99,31,6,5,7,116,450,371,168,62,27,18,0,23,109,181,148,63,19,36,0,11,33,41,70,45,37,46,0,4,7,17,33,28,20,47,0,2,9,28,27,43,43,218
505,426,13,1,0,0,0,0,425,2511,786,110,18,4,2,1,12,797,1128,442,108,19,4,0,0,102,423,394,179,78,23,9,1,16,127,172,131,57,27,40,0,3,27,52,79,43,31,45,0,0,9,27,25,29,19,48,0,0,3,11,33,48,48,229
505,425,12,0,1,0,0,0,426,2511,797,102,16,3,0,0,13,786,1128,423,127,27,9,3,1,110,442,394,172,52,27,11,0,18,108,179,131,79,25,33,0,4,19,78,57,43,29,48,0,2,4,23,27,31,19,48,0,1,0,9,40,45,48,229
243,289,49,5,0,1,0,0,291,1036,551,184,44,5,0,0,50,560,750,481,175,74,22,3,2,182,440,434,317,177,69,39,0,40,226,299,259,180,108,77,0,7,74,174,185,180,129,118,0,1,19,49,124,120,99,136,0,0,7,33,76,125,123,459
207,286,82,12,1,0,0,0,283,980,563,212,65,15,4,1,65,562,697,471,199,76,29,11,15,185,451,427,319,162,61,37,5,56,202,309,239,193,100,76,1,29,76,148,204,169,116,122,0,5,25,65,89,122,110,135,0,2,8,24,78,133,133,448
243,291,50,2,0,0,0,0,289,1036,560,182,40,7,1,0,49,551,750,440,226,74,19,7,5,184,481,434,299,174,49,33,0,44,175,317,259,185,124,76,1,5,74,177,180,180,120,125,0,0,22,69,108,129,99,123,0,0,3,39,77,118,136,459
207,283,65,15,5,1,0,0,286,980,562,185,56,29,5,2,82,563,697,451,202,76,25,8,12,212,471,427,309,148,65,24,1,65,199,319,239,204,89,78,0,15,76,162,193,169,122,133,0,4,29,61,100,116,110,133,0,1,11,37,76,122,135,448
575,485,34,1,1,0,0,0,492,2204,673,112,25,5,0,0,23,687,976,454,144,45,9,2,3,117,476,441,210,92,20,13,0,23,136,238,183,99,48,32,0,3,35,82,110,84,45,42,0,0,6,31,54,43,27,35,0,2,2,8,27,29,50,107
575,492,23,3,0,0,0,0,485,2204,687,117,23,3,0,2,34,673,976,476,136,35,6,2,1,112,454,441,238,82,31,8,1,25,144,210,183,110,54,27,0,5,45,92,99,84,43,29,0,0,9,20,48,45,27,50,0,0,2,13,32,42,35,107
610,462,20,2,0,0,0,0,465,2314,652,74,14,0,0,0,8,637,1064,485,106,25,5,0,2,78,451,485,245,73,15,13,0,14,129,222,203,125,48,16,0,0,23,88,119,92,48,32,0,1,4,13,44,48,55,39,0,0,1,6,27,37,31,130
610,465,8,2,0,0,0,0,462,2314,637,78,14,0,1,0,20,652,1064,451,129,23,4,1,2,74,485,485,222,88,13,6,0,14,106,245,203,119,44,27,0,0,25,73,125,92,48,37,0,0,5,15,48,48,55,31,0,0,0,13,16,32,39,130
368,366,19,2,0,0,0,0,362,2104,760,142,17,6,5,1,20,765,1066,429,143,44,15,8,2,121,427,429,228,93,33,26,0,18,165,228,207,97,40,38,0,6,36,74,111,82,53,58,0,1,10,33,45,56,33,60,0,0,7,24,41,51,65,260
368,362,20,2,0,0,0,0,366,2104,765,121,18,6,1,0,19,760,1066,427,165,36,10,7,2,142,429,429,228,74,33,24,0,17,143,228,207,111,45,41,0,6,44,93,97,82,56,51,0,5,15,33,40,53,33,65,0,1,8,26,38,58,60,260
389,348,17,0,0,0,0,0,352,2121,766,118,14,3,1,0,10,755,1067,463,155,34,12,5,1,126,437,430,241,87,29,12,1,17,143,235,197,103,53,42,1,8,44,84,99,88,53,49,0,3,12,20,54,52,35,64,0,0,11,18,34,57,57,273
389,352,10,1,1,1,0,0,348,2121,755,126,17,8,3,0,17,766,1067,437,143,44,12,11,0,118,463,430,235,84,20,18,0,14,155,241,197,99,54,34,0,3,34,87,103,88,52,57,0,1,12,29,53,53,35,57,0,0,5,12,42,49,64,273
435,365,14,2,0,0,0,0,366,2216,794,141,17,1,1,0,20,811,1245,493,146,28,1,0,2,131,502,488,245,67,21,6,0,17,143,223,183,86,48,21,0,3,33,82,82,71,36,20,0,0,5,23,23,47,29,31,0,0,2,7,20,27,23,57
435,366,20,2,0,0,0,0,365,2216,811,131,17,3,0,0,14,794,1245,502,143,33,5,2,2,141,493,488,223,82,23,7,0,17,146,245,183,82,23,20,0,1,28,67,86,71,47,27,0,1,1,21,48,36,29,23,0,0,0,6,21,20,31,57
427,375,19,1,0,0,0,0,368,2205,820,140,14,1,0,0,21,784,1241,535,128,29,4,1,0,126,513,467,241,80,22,2,0,24,127,224,197,89,37,17,0,4,30,67,95,65,33,30,0,0,7,26,31,39,29,28,0,0,1,3,14,26,35,58
427,368,21,0,0,0,0,0,375,2205,784,126,24,4,0,0,19,820,1241,513,127,30,7,1,1,140,535,467,224,67,26,3,0,14,128,241,197,95,31,14,0,1,29,80,89,65,39,26,0,0,4,22,37,33,29,35,0,0,1,2,17,30,28,58
447,368,21,0,2,0,0,0,368,2129,859,135,11,3,0,0,22,858,1261,536,129,27,7,3,3,145,533,489,206,62,21,4,0,16,140,219,150,95,13,17,0,4,18,60,81,59,44,27,0,0,5,16,40,22,26,25,0,0,1,3,24,23,25,98
447,368,22,3,0,0,0,0,368,2129,858,145,16,4,0,0,21,859,1261,533,140,18,5,1,0,135,536,489,219,60,16,3,2,11,129,206,150,81,40,24,0,3,27,62,95,59,22,23,0,0,7,21,13,44,26,25,0,0,3,4,17,27,25,98
464,347,16,0,0,0,0,0,357,2186,831,113,15,1,0,0,18,842,1317,530,113,22,4,4,1,113,538,504,220,69,11,10,0,16,125,220,165,79,31,17,0,2,19,65,79,66,38,22,0,0,4,17,36,28,28,22,0,0,2,6,19,26,21,101
464,357,18,1,0,0,0,0,347,2186,842,113,16,2,0,0,16,831,1317,538,125,19,4,2,0,113,530,504,220,65,17,6,0,15,113,220,165,79,36,19,0,1,22,69,79,66,28,26,0,0,4,11,31,38,28,21,0,0,4,10,17,22,22,101
752,560,22,0,0,0,0,0,548,2326,660,116,11,5,0,0,12,658,1047,425,107,25,6,7,0,85,429,423,188,65,31,8,0,12,118,194,162,63,33,27,0,2,21,48,79,54,31,39,0,0,8,21,38,33,27,45,0,0,1,14,33,31,47,203
752,548,12,0,0,0,0,0,560,2326,658,85,12,2,0,0,22,660,1047,429,118,21,8,1,0,116,425,423,194,48,21,14,0,11,107,188,162,79,38,33,0,5,25,65,63,54,33,31,0,0,6,31,33,31,27,47,0,0,7,8,27,39,45,203
785,511,19,2,0,0,0,0,525,2387,644,84,16,5,0,1,18,645,1066,441,96,23,3,4,1,94,423,436,201,53,20,7,0,17,103,181,157,82,45,27,0,8,28,58,67,41,27,47,0,2,7,17,42,33,36,38,0,0,3,15,29,38,41,201
785,525,18,1,0,0,0,0,511,2387,645,94,17,8,2,0,19,644,1066,423,103,28,7,3,2,84,441,436,181,58,17,15,0,16,96,201,157,67,42,29,0,5,23,53,82,41,33,38,0,0,3,20,45,27,36,41,0,1,4,7,27,47,38,201
454,453,24,1,2,0,0,0,451,2378,861,143,22,3,0,0,28,876,1217,461,134,30,7,3,5,127,484,402,172,58,14,13,1,27,129,164,104,69,28,27,0,5,32,65,67,46,24,17,0,0,3,17,22,25,18,21,0,2,4,12,22,26,15,85
454,451,28,5,1,0,0,0,453,2378,876,127,27,5,0,2,24,861,1217,484,129,32,3,4,1,143,461,402,164,65,17,12,2,22,134,172,104,67,22,22,0,3,30,58,69,46,25,26,0,0,7,14,28,24,18,15,0,0,3,13,27,17,21,85
515,431,6,0,0,0,0,0,410,2553,812,105,3,0,0,0,10,776,1347,483,104,18,0,0,0,106,462,422,198,61,10,5,0,5,99,189,142,69,21,16,0,0,19,58,67,60,32,17,0,0,2,12,22,23,18,27,0,0,2,5,11,26,24,97
515,410,10,0,0,0,0,0,431,2553,776,106,5,0,0,0,6,812,1347,462,99,19,2,2,0,105,483,422,189,58,12,5,0,3,104,198,142,67,22,11,0,0,18,61,69,60,23,26,0,0,0,10,21,32,18,24,0,0,0,5,16,17,27,97
476,380,10,2,0,0,0,0,377,1941,544,91,10,2,1,0,10,546,841,410,131,23,7,5,1,70,391,430,251,115,36,21,0,19,127,229,264,126,81,75,1,3,46,96,133,117,88,80,0,1,10,36,78,80,69,120,0,1,4,24,57,105,114,594
476,377,10,1,0,1,0,0,380,1941,546,70,19,3,1,1,10,544,841,391,127,46,10,4,2,91,410,430,229,96,36,24,0,10,131,251,264,133,78,57,0,2,23,115,126,117,80,105,0,1,7,36,81,88,69,114,0,0,5,21,75,80,120,594
440,409,17,4,2,0,0,0,395,1806,577,134,39,10,3,0,34,574,744,385,150,57,17,9,4,122,400,363,229,94,43,46,0,40,145,225,231,123,73,88,1,16,44,102,116,126,69,90,0,3,20,46,81,61,81,105,1,4,13,40,74,95,111,569
440,395,34,4,0,1,0,1,409,1806,574,122,40,16,3,4,17,577,744,400,145,44,20,13,4,134,385,363,225,102,46,40,2,39,150,229,231,116,81,74,0,10,57,94,123,126,61,95,0,3,17,43,73,69,81,111,0,0,9,46,88,90,105,569
605,425,22,1,0,0,0,2,441,1945,611,80,15,2,2,1,18,625,770,347,106,34,16,11,0,81,354,320,206,95,42,24,0,13,101,218,168,114,62,64,0,5,29,89,125,93,54,110,0,0,13,45,61,71,64,102,0,0,3,22,59,97,122,795
605,441,18,0,0,0,0,0,425,1945,625,81,13,5,0,0,22,611,770,354,101,29,13,3,1,80,347,320,218,89,45,22,0,15,106,206,168,125,61,59,0,2,34,95,114,93,71,97,0,2,16,42,62,54,64,122,2,1,11,24,64,110,102,795
577,465,20,4,2,0,2,0,431,1858,621,140,39,13,5,3,30,597,726,319,142,43,22,25,2,125,324,303,172,92,49,43,1,31,133,173,139,110,64,87,1,13,49,91,106,95,52,96,1,3,24,44,64,62,51,109,1,2,15,43,83,94,115,754
577,431,30,2,1,1,1,1,465,1858,597,125,31,13,3,2,20,621,726,324,133,49,24,15,4,140,319,303,173,91,44,43,2,39,142,172,139,106,64,83,0,13,43,92,110,95,62,94,2,5,22,49,64,52,51,115,0,3,25,43,87,96,109,754
421,346,14,1,0,0,0,0,364,1690,472,77,18,2,1,0,5,475,828,366,122,37,10,7,0,99,372,450,274,119,36,28,0,16,118,280,258,171,86,68,0,4,29,126,159,164,90,132,0,2,9,42,86,98,76,142,0,0,5,29,70,112,154,740
421,364,5,0,0,0,0,0,346,1690,475,99,16,4,2,0,14,472,828,372,118,29,9,5,1,77,366,450,280,126,42,29,0,18,122,274,258,159,86,70,0,2,37,119,171,164,98,112,0,1,10,36,86,90,76,154,0,0,7,28,68,132,142,740
423,342,13,1,0,0,0,0,341,1621,524,113,18,3,1,0,22,482,734,403,140,42,7,7,7,133,341,386,290,136,46,37,2,49,116,245,230,182,89,83,0,12,58,119,145,134,104,136,0,2,16,55,76,94,71,145,0,3,21,33,90,116,143,718
423,341,22,7,2,0,0,0,342,1621,482,133,49,12,2,3,13,524,734,341,116,58,16,21,1,113,403,386,245,119,55,33,0,18,140,290,230,145,76,90,0,3,42,136,182,134,94,116,0,1,7,46,89,104,71,143,0,0,7,37,83,136,145,718
592,579,38,2,2,0,0,0,592,2905,724,105,15,7,2,1,23,743,912,282,85,37,9,8,4,103,296,254,116,55,32,16,4,18,85,130,91,65,29,29,0,0,30,54,64,46,52,40,0,2,6,31,39,47,28,53,0,1,6,21,32,34,52,272
592,592,23,4,4,0,0,0,579,2905,743,103,18,0,2,1,38,724,912,296,85,30,6,6,2,105,282,254,130,54,31,21,2,15,85,116,91,64,39,32,0,7,37,55,65,46,47,34,0,2,9,32,29,52,28,52,0,1,8,16,29,40,53,272
637,539,20,3,1,0,0,0,556,2931,723,91,21,5,5,1,21,762,877,293,96,27,15,9,4,88,317,249,112,63,34,19,1,27,87,122,81,57,40,42,1,10,32,67,63,49,29,43,1,2,18,26,27,39,33,58,0,4,5,22,43,49,49,254
637,556,21,4,1,1,1,0,539,2931,762,88,27,10,2,4,20,723,877,317,87,32,18,5,3,91,293,249,122,67,26,22,1,21,96,112,81,63,27,43,0,5,27,63,57,49,39,49,0,5,15,34,40,29,33,49,0,1,9,19,42,43,58,254
265,287,48,5,1,0,0,0,292,1037,616,195,42,3,0,0,48,621,816,487,205,69,14,8,2,194,464,478,334,142,47,30,2,40,236,300,332,194,90,75,0,4,68,144,195,128,119,64,0,0,7,60,98,89,86,117,0,2,9,20,62,91,102,416
207,297,78,14,6,0,1,2,292,974,616,209,61,15,6,3,78,598,796,462,215,74,27,16,17,215,450,476,303,136,57,40,7,74,213,322,350,169,86,54,1,10,65,140,194,142,89,78,2,8,24,45,84,97,90,106,5,9,13,28,58,87,99,410
265,292,48,2,2,0,0,0,287,1037,621,194,40,4,0,2,48,616,816,464,236,68,7,9,5,195,487,478,300,144,60,20,1,42,205,334,332,195,98,62,0,3,69,142,194,128,89,91,0,0,14,47,90,119,86,102,0,0,8,30,75,64,117,416
207,292,78,17,7,1,2,5,297,974,598,215,74,10,8,9,78,616,796,450,213,65,24,13,14,209,462,476,322,140,45,28,6,61,215,303,350,194,84,58,0,15,74,136,169,142,97,87,1,6,27,57,86,89,90,99,2,3,16,40,54,78,106,410
886,590,22,2,0,1,0,0,606,2452,553,82,19,3,1,0,23,589,821,352,108,36,8,3,5,93,383,345,184,63,25,16,1,11,114,198,182,108,49,23,0,1,21,83,113,69,34,60,0,0,5,32,38,43,38,63,1,1,3,9,33,51,65,180
886,606,23,5,1,0,0,1,590,2452,589,93,11,1,0,1,22,553,821,383,114,21,5,3,2,82,352,345,198,83,32,9,0,19,108,184,182,113,38,33,1,3,36,63,108,69,43,51,0,1,8,25,49,34,38,65,0,0,3,16,23,60,63,180
929,563,16,0,0,0,0,0,580,2516,566,75,10,1,0,2,8,585,839,388,97,16,4,0,0,69,374,336,218,78,21,7,0,8,98,195,191,111,36,39,0,1,24,71,93,79,59,46,0,0,5,23,42,47,41,59,0,2,0,7,32,46,57,190
929,580,8,0,0,0,0,0,563,2516,585,69,8,1,0,2,16,566,839,374,98,24,5,0,0,75,388,336,195,71,23,7,0,10,97,218,191,93,42,32,0,1,16,78,111,79,47,46,0,0,4,21,36,59,41,57,0,2,0,7,39,46,59,190
584,472,32,6,2,0,0,0,462,2057,704,150,43,10,3,2,28,717,1097,497,147,37,13,0,2,117,518,398,217,71,29,13,1,23,157,232,179,88,27,36,0,6,28,70,108,50,29,37,0,0,12,21,38,34,21,38,0,1,6,11,26,40,42,111
584,462,28,2,1,0,0,0,472,2057,717,117,23,6,0,1,32,704,1097,518,157,28,12,6,6,150,497,398,232,70,21,11,2,43,147,217,179,108,38,26,0,10,37,71,88,50,34,40,0,3,13,29,27,29,21,42,0,2,0,13,36,37,38,111
631,448,7,0,0,0,0,0,447,2195,663,92,6,1,0,0,7,703,1230,492,102,12,1,1,1,82,500,434,268,67,20,5,1,10,119,263,219,83,39,23,0,0,23,66,94,77,33,36,0,0,2,13,39,40,24,46,0,0,1,7,22,41,43,121
631,447,7,1,1,0,0,0,448,2195,703,82,10,0,0,0,7,663,1230,500,119,23,2,1,0,92,492,434,263,66,13,7,0,6,102,268,219,94,39,22,0,1,12,67,83,77,40,41,0,0,1,20,39,33,24,43,0,0,1,5,23,36,46,121
1262,800,31,3,0,0,0,0,803,2890,580,90,19,3,2,0,19,569,622,250,93,23,9,7,1,84,240,213,121,40,30,12,1,18,94,125,106,68,25,21,0,5,25,49,65,56,27,23,0,1,10,11,32,26,25,45,3,1,3,13,23,32,31,120
1262,803,19,1,1,0,0,3,800,2890,569,84,18,5,1,1,31,580,622,240,94,25,10,3,3,90,250,213,125,49,11,13,0,19,93,121,106,65,32,23,0,3,23,40,68,56,26,32,0,2,9,30,25,27,25,31,0,0,7,12,21,23,45,120
1333,725,15,1,0,0,0,0,736,3020,531,69,13,3,0,1,10,549,684,263,74,20,5,5,0,60,267,220,141,43,21,6,1,10,74,136,117,64,38,20,0,2,18,47,66,64,27,25,0,0,5,17,30,33,26,38,0,4,4,7,26,25,32,129
1333,736,10,0,1,0,0,0,725,3020,549,60,10,2,0,4,15,531,684,267,74,18,5,4,1,69,263,220,136,47,17,7,0,13,74,141,117,66,30,26,0,3,20,43,64,64,33,25,0,0,5,21,38,27,26,32,0,1,5,6,20,25,38,129
504,408,11,0,0,0,1,0,399,2132,687,108,9,2,0,1,9,684,1035,452,139,28,9,3,1,107,445,434,268,88,29,14,0,8,135,243,216,113,57,46,0,2,28,101,96,97,59,56,0,1,8,37,48,69,38,53,0,0,2,15,41,46,63,215
504,399,9,1,0,0,0,0,408,2132,684,107,8,2,1,0,11,687,1035,445,135,28,8,2,0,108,452,434,243,101,37,15,0,9,139,268,216,96,48,41,0,2,28,88,113,97,69,46,1,0,9,29,57,59,38,63,0,1,3,14,46,56,53,215
490,409,20,6,1,0,0,0,387,2026,741,162,32,12,2,0,36,679,926,457,172,63,17,7,6,167,402,407,225,98,39,32,2,48,169,215,163,109,50,48,0,11,54,84,104,67,59,60,0,6,20,34,62,38,35,59,0,1,7,23,57,55,55,184
490,387,36,6,2,0,0,0,409,2026,679,167,48,11,6,1,20,741,926,402,169,54,20,7,6,162,457,407,215,84,34,23,1,32,172,225,163,104,62,57,0,12,63,98,109,67,38,55,0,2,17,39,50,59,35,55,0,0,7,32,48,60,59,184
505,379,20,0,0,1,0,0,393,2067,608,109,18,6,0,3,13,639,976,398,110,20,12,12,0,94,404,417,231,82,38,22,0,12,120,208,193,112,56,57,1,4,31,107,104,96,57,56,0,3,7,25,53,63,63,91,0,2,12,23,51,75,79,562
505,393,13,0,0,1,0,0,379,2067,639,94,12,4,3,2,20,608,976,404,120,31,7,12,0,109,398,417,208,107,25,23,0,18,110,231,193,104,53,51,1,6,20,82,112,96,63,75,0,0,12,38,56,57,63,79,0,3,12,22,57,56,91,562
468,414,24,4,1,1,0,0,372,1955,663,157,39,11,0,3,47,605,886,404,149,55,23,11,5,139,368,355,216,93,61,50,0,47,138,205,143,104,54,74,2,9,62,81,102,69,53,75,0,7,22,41,56,54,41,83,1,8,20,55,64,71,73,507
468,372,47,5,0,2,0,1,414,1955,605,139,47,9,7,8,24,663,886,368,138,62,22,20,4,157,404,355,205,81,41,55,1,39,149,216,143,102,56,64,1,11,55,93,104,69,54,71,0,0,23,61,54,53,41,73,0,3,11,50,74,75,83,507
366,354,11,0,0,0,0,0,348,2111,640,94,16,2,1,2,7,648,1078,425,153,30,4,2,0,83,440,498,251,87,30,16,0,12,130,251,204,163,62,35,0,3,36,98,137,126,66,63,0,1,10,33,69,68,81,75,0,0,3,17,32,56,89,283
366,348,7,0,0,0,0,0,354,2111,648,83,12,3,1,0,11,640,1078,440,130,36,10,3,0,94,425,498,251,98,33,17,0,16,153,251,204,137,69,32,0,2,30,87,163,126,68,56,0,1,4,30,62,66,81,89,0,2,2,16,35,63,75,283
342,365,22,4,0,0,0,0,335,1978,715,147,37,6,2,2,38,656,906,458,183,66,12,8,3,150,421,387,224,125,53,38,1,37,181,223,183,119,68,50,0,12,64,123,107,76,74,79,0,1,26,52,76,67,54,63,0,2,6,26,54,78,74,241
342,335,38,3,1,0,0,0,365,1978,656,150,37,12,1,2,22,715,906,421,181,64,26,6,4,147,458,387,223,123,52,26,0,37,183,224,183,107,76,54,0,6,66,125,119,76,67,78,0,2,12,53,68,74,54,74,0,2,8,38,50,79,63,241
1006,610,26,4,1,0,0,0,620,2511,592,103,18,5,1,6,18,609,668,263,118,24,9,13,2,92,295,256,160,59,33,22,1,16,89,177,150,77,62,40,0,3,31,70,76,58,50,43,0,3,10,32,61,53,45,61,3,3,13,18,32,59,66,354
1006,620,18,2,1,0,0,3,610,2511,609,92,16,3,3,3,26,592,668,295,89,31,10,13,4,103,263,256,177,70,32,18,1,18,118,160,150,76,61,32,0,5,24,59,77,58,53,59,0,1,9,33,62,50,45,66,0,6,13,22,40,43,61,354
1005,594,32,12,5,0,0,1,600,2459,589,129,48,15,5,5,30,606,632,271,122,25,20,15,5,122,297,218,130,76,40,35,1,34,124,153,131,68,55,50,0,9,33,76,82,49,42,44,1,4,14,39,45,46,48,69,0,8,14,28,56,56,52,326
1005,600,30,5,1,0,1,0,594,2459,606,122,34,9,4,8,32,589,632,297,124,33,14,14,12,129,271,218,153,76,39,28,5,48,122,130,131,82,45,56,0,15,25,76,68,49,46,56,0,5,20,40,55,42,48,52,1,5,15,35,50,44,69,326
394,348,23,2,2,0,0,0,330,1960,862,153,19,4,0,0,36,890,1277,541,120,26,6,2,2,125,583,542,220,70,18,17,0,17,128,235,164,79,25,22,0,1,16,65,81,47,43,35,0,3,9,21,37,32,22,31,0,0,6,14,24,28,39,104
394,330,36,2,0,0,0,0,348,1960,890,125,17,1,3,0,23,862,1277,583,128,16,9,6,2,153,541,542,235,65,21,14,2,19,120,220,164,81,37,24,0,4,26,70,79,47,32,28,0,0,6,18,25,43,22,39,0,0,2,17,22,35,31,104
414,339,9,2,0,0,0,0,325,2083,788,124,7,1,0,0,15,798,1398,557,100,10,3,3,1,106,543,580,253,63,19,15,0,14,123,233,172,83,30,21,0,2,20,62,73,61,49,21,0,0,5,18,36,39,27,33,0,0,2,7,30,30,28,125
414,325,15,1,0,0,0,0,339,2083,798,106,14,2,0,0,9,788,1398,543,123,20,5,2,2,124,557,580,233,62,18,7,0,7,100,253,172,73,36,30,0,1,10,63,83,61,39,30,0,0,3,19,30,49,27,28,0,0,3,15,21,21,33,125
370,428,13,2,0,0,0,0,430,2177,761,123,17,4,0,1,18,777,1026,430,141,20,11,4,1,104,445,427,216,79,26,22,0,23,115,213,150,94,53,50,0,5,34,79,86,65,51,56,0,2,10,30,44,46,37,59,0,2,7,16,45,70,51,334
370,430,18,1,0,0,0,0,428,2177,777,104,23,5,2,2,13,761,1026,445,115,34,10,7,2,123,430,427,213,79,30,16,0,17,141,216,150,86,44,45,0,4,20,79,94,65,46,70,0,0,11,26,53,51,37,51,0,1,4,22,50,56,59,334
406,384,24,6,0,2,0,0,397,2222,750,125,24,4,2,0,12,747,1032,433,119,41,17,8,3,118,434,429,206,69,33,26,0,26,129,194,176,91,33,50,0,6,32,88,86,58,46,56,0,1,9,29,42,49,41,55,0,0,7,20,52,64,54,333
406,397,12,3,0,0,0,0,384,2222,747,118,26,6,1,0,24,750,1032,434,129,32,9,7,6,125,433,429,194,88,29,20,0,24,119,206,176,86,42,52,2,4,41,69,91,58,49,64,0,2,17,33,33,46,41,54,0,0,8,26,50,56,55,333
266,295,18,1,0,0,0,0,290,2066,916,129,12,3,0,3,19,924,1403,575,136,23,2,1,1,113,600,500,221,59,15,5,0,14,112,227,186,90,26,22,0,2,31,61,88,51,37,30,0,0,4,17,24,36,25,32,1,1,2,6,15,38,32,94
266,290,19,1,0,0,0,1,295,2066,924,113,14,2,0,1,18,916,1403,600,112,31,4,2,1,129,575,500,227,61,17,6,0,12,136,221,186,88,24,15,0,3,23,59,90,51,36,38,0,0,2,15,26,37,25,32,0,3,1,5,22,30,32,94
297,272,9,0,0,0,0,0,260,2144,891,103,8,1,0,0,16,858,1474,561,134,29,3,1,2,126,563,503,247,62,18,3,0,11,129,230,166,88,41,19,0,0,18,95,69,56,31,33,0,0,8,15,26,38,15,38,0,1,1,7,25,28,32,95
297,260,16,2,0,0,0,0,272,2144,858,126,11,0,0,1,9,891,1474,563,129,18,8,1,0,103,561,503,230,95,15,7,0,8,134,247,166,69,26,25,0,1,29,62,88,56,38,28,0,0,3,18,41,31,15,32,0,0,1,3,19,33,38,95
263,285,62,9,3,0,0,0,310,1132,648,183,36,8,3,0,48,690,910,508,192,82,17,7,5,179,505,496,274,135,52,36,0,35,222,286,243,156,68,62,0,8,73,126,149,143,99,92,0,2,16,52,103,79,64,89,0,0,2,25,70,88,99,371
207,303,95,12,8,0,0,0,321,1066,681,211,45,12,1,1,73,683,892,500,221,66,19,7,12,203,480,477,289,125,67,27,3,52,179,281,238,165,70,67,0,9,92,127,154,140,82,84,0,4,20,44,50,91,89,101,0,4,9,32,65,95,78,371
263,310,48,5,0,0,0,0,285,1132,690,179,35,8,2,0,62,648,910,505,222,73,16,2,9,183,508,496,286,126,52,25,3,36,192,274,243,149,103,70,0,8,82,135,156,143,79,88,0,3,17,52,68,99,64,99,0,0,7,36,62,92,89,371
207,321,73,12,3,0,0,0,303,1066,683,203,52,9,4,4,95,681,892,480,179,92,20,9,12,211,500,477,281,127,44,32,8,45,221,289,238,154,50,65,0,12,66,125,165,140,91,95,0,1,19,67,70,82,89,78,0,1,7,27,67,84,101,371
379,350,11,0,0,0,0,0,351,2105,628,92,10,1,1,0,13,629,951,404,125,35,5,2,0,88,404,429,245,94,31,19,0,9,134,236,213,132,76,52,0,1,24,102,127,107,85,88,0,1,7,36,83,69,60,118,0,0,2,12,56,95,112,461
379,351,13,0,0,0,0,0,350,2105,629,88,9,1,1,0,11,628,951,404,134,24,7,2,0,92,404,429,236,102,36,12,0,10,125,245,213,127,83,56,0,1,35,94,132,107,69,95,0,1,5,31,76,85,60,112,0,0,2,19,52,88,118,461
355,365,16,0,0,0,0,0,370,2024,658,102,22,4,2,1,16,648,865,424,158,42,13,5,2,115,428,396,206,100,45,25,0,26,132,227,207,124,57,76,0,4,41,93,122,114,70,90,0,2,11,42,76,75,71,99,0,1,2,28,58,80,117,448
355,370,16,2,0,0,0,0,365,2024,648,115,26,4,2,1,16,658,865,428,132,41,11,2,0,102,424,396,227,93,42,28,0,22,158,206,207,122,76,58,0,4,42,100,124,114,75,80,0,2,13,45,57,70,71,117,0,1,5,25,76,90,99,448
483,435,16,2,2,1,0,0,444,2305,572,106,15,3,1,5,17,605,688,315,107,21,11,15,0,88,334,350,200,90,37,32,0,21,109,215,187,109,85,50,0,1,32,79,134,83,52,74,0,0,7,41,72,64,69,104,0,1,9,20,51,82,109,740
483,444,17,0,0,0,0,0,435,2305,605,88,21,1,0,1,16,572,688,334,109,32,7,9,2,106,315,350,215,79,41,20,2,15,107,200,187,134,72,51,1,3,21,90,109,83,64,82,0,1,11,37,85,52,69,109,0,5,15,32,50,74,104,740
498,421,12,2,1,1,0,0,423,2307,548,104,38,4,1,1,17,576,679,306,112,42,26,13,4,110,334,331,205,84,34,34,0,23,119,202,176,97,78,83,0,6,43,93,105,68,59,83,0,1,19,50,64,57,66,108,0,0,9,35,74,104,100,710
498,423,17,4,0,0,0,0,421,2307,576,110,23,6,1,0,12,548,679,334,119,43,19,9,2,104,306,331,202,93,50,35,1,38,112,205,176,105,64,74,1,4,42,84,97,68,57,104,0,1,26,34,78,59,66,100,0,1,13,34,83,83,108,710
410,391,7,0,1,1,0,1,386,1887,573,72,13,1,2,2,9,573,835,386,115,35,6,5,0,71,384,423,239,114,42,19,0,14,134,252,246,151,75,61,1,2,28,97,167,118,89,113,0,0,6,36,82,90,77,128,2,2,6,25,68,100,126,601
410,386,9,0,0,1,0,2,391,1887,573,71,14,2,0,2,7,573,835,384,134,28,6,6,0,72,386,423,252,97,36,25,1,13,115,239,246,167,82,68,1,1,35,114,151,118,90,100,0,2,6,42,75,89,77,126,1,2,5,19,61,113,128,601
396,392,19,3,1,0,0,0,388,1814,559,119,38,8,1,2,22,564,784,348,138,66,22,16,4,135,372,364,219,104,54,44,0,40,151,244,213,128,68,88,1,10,59,103,146,122,86,90,0,3,16,56,88,76,61,119,2,0,12,45,79,111,124,563
396,388,22,4,0,1,0,2,392,1814,564,135,40,10,3,0,19,559,784,372,151,59,16,12,3,119,348,364,244,103,56,45,1,38,138,219,213,146,88,79,0,8,66,104,128,122,76,111,0,1,22,54,68,86,61,124,0,2,16,44,88,90,119,563
399,388,16,1,1,0,0,0,376,2202,645,90,14,1,1,1,11,652,977,422,114,29,5,5,0,68,440,438,224,82,24,23,0,16,117,225,227,139,50,47,0,1,17,84,145,99,59,77,0,1,6,29,52,75,55,71,0,0,5,14,48,57,96,439
399,376,11,0,0,0,0,0,388,2202,652,68,16,1,1,0,16,645,977,440,117,17,6,5,1,90,422,438,225,84,29,14,1,14,114,224,227,145,52,48,0,1,29,82,139,99,75,57,0,1,5,24,50,59,55,96,0,1,5,23,47,77,71,439
388,400,15,0,2,0,1,0,391,2115,680,112,32,8,2,1,22,685,906,404,133,49,12,8,5,125,397,376,221,94,36,36,0,19,134,222,217,99,56,72,0,6,35,102,95,95,57,91,1,2,28,39,53,51,44,70,0,1,13,33,56,86,82,385
388,391,22,5,0,0,1,0,400,2115,685,125,19,6,2,1,15,680,906,397,134,35,28,13,0,112,404,376,222,102,39,33,2,32,133,221,217,95,53,56,0,8,49,94,99,95,51,86,1,2,12,36,56,57,44,82,0,1,8,36,72,91,70,385
626,477,15,0,1,0,0,0,473,1977,518,78,15,4,0,0,12,530,761,349,129,25,7,4,0,74,355,385,259,109,49,24,0,12,136,254,269,170,73,52,0,2,26,110,152,110,83,88,0,1,5,54,83,90,84,101,0,0,3,20,60,65,120,421
626,473,12,0,0,0,0,0,477,1977,530,74,12,2,1,0,15,518,761,355,136,26,5,3,0,78,349,385,254,110,54,20,1,15,129,259,269,152,83,60,0,4,25,109,170,110,90,65,0,0,7,49,73,83,84,120,0,0,4,24,52,88,101,421
672,421,17,0,0,0,0,0,426,1996,523,85,24,4,1,0,22,522,711,362,145,42,12,4,2,102,343,393,236,110,50,25,0,22,152,249,256,135,91,68,0,5,50,84,158,119,74,80,0,0,11,53,101,82,77,98,0,0,5,26,52,78,113,411
672,426,22,2,0,0,0,0,421,1996,522,102,22,5,0,0,17,523,711,343,152,50,11,5,0,85,362,393,249,84,53,26,0,24,145,236,256,158,101,52,0,4,42,110,135,119,82,78,0,1,12,50,91,74,77,113,0,0,4,25,68,80,98,411
567,431,16,0,0,0,0,0,429,1980,477,61,17,2,0,0,6,495,660,322,107,35,7,3,1,57,311,308,194,113,52,36,0,10,112,217,210,131,82,64,0,2,38,99,144,130,78,130,0,0,17,40,74,85,58,147,0,0,8,26,78,132,139,962
567,429,6,1,0,0,0,0,431,1980,495,57,10,2,0,0,16,477,660,311,112,38,17,8,0,61,322,308,217,99,40,26,0,17,107,194,210,144,74,78,0,2,35,113,131,130,85,132,0,0,7,52,82,78,58,139,0,0,3,36,64,130,147,962
560,438,16,3,0,0,0,0,433,1887,518,98,33,7,2,1,17,529,580,297,136,47,10,12,4,101,295,294,195,93,38,42,0,30,138,192,162,135,77,89,1,8,62,114,131,113,86,112,2,5,14,37,78,95,63,125,0,4,18,40,83,136,137,927
560,433,17,4,0,1,2,0,438,1887,529,101,30,8,5,4,16,518,580,295,138,62,14,18,3,98,297,294,192,114,37,40,0,33,136,195,162,131,78,83,0,7,47,93,135,113,95,136,0,2,10,38,77,86,63,137,0,1,12,42,89,112,125,927
206,294,23,0,0,0,0,0,298,2162,958,143,10,2,0,0,18,948,1418,592,123,29,3,0,0,143,578,490,217,68,14,6,0,11,134,216,156,89,17,10,0,0,26,62,86,64,39,21,0,0,0,20,27,29,14,23,0,0,1,7,15,15,26,49
206,298,18,0,0,0,0,0,294,2162,948,143,11,0,0,0,23,958,1418,578,134,26,0,1,0,143,592,490,216,62,20,7,0,10,123,217,156,86,27,15,0,2,29,68,89,64,29,15,0,0,3,14,17,39,14,26,0,0,0,6,10,21,23,49
219,293,12,1,0,0,0,0,274,2209,942,128,10,1,0,0,21,911,1490,558,125,28,1,0,2,137,539,533,224,65,16,8,0,11,128,220,167,75,21,11,0,7,27,60,75,64,38,24,0,0,1,16,20,37,25,14,0,0,1,4,13,24,14,56
219,274,21,2,0,0,0,0,293,2209,911,137,11,7,0,0,12,942,1490,539,128,27,1,1,1,128,558,533,220,60,16,4,0,10,125,224,167,75,20,13,0,1,28,65,75,64,37,24,0,0,1,16,21,38,25,14,0,0,0,8,11,24,14,56
796,579,27,1,0,0,0,0,578,2428,800,122,4,1,0,0,31,795,1062,421,105,17,1,0,2,115,413,370,172,61,15,1,0,11,113,159,118,64,19,18,0,1,18,49,60,42,32,28,0,1,3,15,29,25,27,16,0,0,0,10,16,19,21,69
796,578,31,2,0,0,0,0,579,2428,795,115,11,1,1,0,27,800,1062,413,113,18,3,0,1,122,421,370,159,49,15,10,0,4,105,172,118,60,29,16,0,1,17,61,64,42,25,19,0,0,1,15,19,32,27,21,0,0,0,1,18,28,16,69
864,518,18,2,0,0,0,0,526,2584,730,87,6,0,0,0,12,739,1155,429,81,14,0,0,1,78,426,395,172,61,17,5,0,4,101,172,126,65,23,9,0,0,11,48,74,46,31,20,0,0,1,12,33,25,16,28,0,0,0,4,11,18,29,73
864,526,12,1,0,0,0,0,518,2584,739,78,4,0,0,0,18,730,1155,426,101,11,1,0,2,87,429,395,172,48,12,4,0,6,81,172,126,74,33,11,0,0,14,61,65,46,25,18,0,0,0,17,23,31,16,29,0,0,0,5,9,20,28,73
504,472,14,0,0,0,0,0,471,2592,797,116,10,0,0,1,13,812,1021,371,100,36,7,5,2,103,399,410,183,70,17,9,0,14,102,188,178,77,29,26,0,1,23,70,86,64,32,30,0,3,6,21,31,25,22,38,0,1,4,14,19,32,37,192
504,471,13,2,0,0,0,0,472,2592,812,103,14,1,3,1,14,797,1021,399,102,23,6,4,0,116,371,410,188,70,21,14,0,10,100,183,178,86,31,19,0,0,36,70,77,64,25,32,0,0,7,17,29,32,22,37,0,1,5,9,26,30,38,192
520,447,11,2,0,0,0,1,451,2649,740,102,26,4,0,2,11,776,1071,382,95,29,11,7,2,91,414,408,191,58,17,21,0,13,100,193,161,82,28,32,0,3,25,73,78,67,31,30,0,1,7,20,32,36,25,22,0,0,7,15,28,31,33,188
520,451,11,2,0,0,0,0,447,2649,776,91,13,3,1,0,11,740,1071,414,100,25,7,7,2,102,382,408,193,73,20,15,0,26,95,191,161,78,32,28,0,4,29,58,82,67,36,31,0,0,11,17,28,31,25,33,1,2,7,21,32,30,22,188
1234,740,25,4,0,0,0,0,712,2429,576,135,30,6,0,0,24,545,629,316,106,31,15,3,2,117,310,292,160,67,39,12,0,22,104,166,141,71,37,34,0,6,33,66,88,62,36,32,0,0,10,25,32,47,43,56,0,0,8,11,24,41,47,99
1234,712,24,2,0,0,0,0,740,2429,545,117,22,6,0,0,25,576,629,310,104,33,10,8,4,135,316,292,166,66,25,11,0,30,106,160,141,88,32,24,0,6,31,67,71,62,47,41,0,0,15,39,37,36,43,47,0,0,3,12,34,32,56,99
1304,669,7,1,0,0,0,0,682,2606,515,70,8,0,0,0,9,528,700,336,98,14,1,0,0,66,337,336,177,60,17,14,0,5,86,164,147,89,65,19,0,3,29,64,86,68,39,31,0,0,5,22,37,57,50,45,0,0,1,6,22,35,44,126
1304,682,9,0,0,0,0,0,669,2606,528,66,5,3,0,0,7,515,700,337,86,29,5,1,1,70,336,336,164,64,22,6,0,8,98,177,147,86,37,22,0,0,14,60,89,68,57,35,0,0,1,17,65,39,50,44,0,0,0,14,19,31,45,126
205,237,51,9,2,0,0,0,242,1010,621,181,51,7,2,0,46,584,853,485,214,78,24,5,4,207,438,443,315,169,66,34,2,54,207,291,270,191,83,87,0,9,77,151,178,151,110,108,1,3,35,65,83,98,97,134,0,1,7,45,74,99,134,472
153,249,75,18,0,3,0,0,258,964,626,188,58,13,1,1,69,596,804,495,202,83,20,11,13,219,462,456,301,134,64,23,3,46,220,283,282,195,87,77,1,23,66,140,186,158,105,115,1,1,25,61,91,114,98,126,1,1,5,34,77,95,141,483
205,242,46,4,2,0,1,0,237,1010,584,207,54,9,3,1,51,621,853,438,207,77,35,7,9,181,485,443,291,151,65,45,2,51,214,315,270,178,83,74,0,7,78,169,191,151,98,99,0,2,24,66,83,110,97,134,0,0,5,34,87,108,134,472
153,258,69,13,3,1,1,1,249,964,596,219,46,23,1,1,75,626,804,462,220,66,25,5,18,188,495,456,283,140,61,34,0,58,202,301,282,186,91,77,3,13,83,134,195,158,114,95,0,1,20,64,87,105,98,141,0,1,11,23,77,115,126,483
166,258,21,1,0,0,0,0,262,1919,905,130,22,0,0,0,17,883,1316,533,148,35,7,3,1,165,527,502,254,83,28,10,0,32,133,280,210,105,44,30,0,2,35,88,100,71,52,32,0,0,5,26,55,45,26,47,0,1,0,7,38,38,44,158
166,262,17,1,0,0,0,0,258,1919,883,165,32,2,0,1,21,905,1316,527,133,35,5,0,1,130,533,502,280,88,26,7,0,22,148,254,210,100,55,38,0,0,35,83,105,71,45,38,0,0,7,28,44,52,26,44,0,0,3,10,30,32,47,158
186,238,20,1,0,0,0,0,244,2082,798,107,10,1,0,1,13,817,1401,537,136,36,7,0,0,111,553,532,278,71,19,15,0,13,127,267,239,109,44,28,0,1,26,77,111,81,54,29,0,2,8,25,32,49,42,42,0,0,1,19,25,32,35,168
186,244,13,0,0,0,0,0,238,2082,817,111,13,1,2,0,20,798,1401,553,127,26,8,1,1,107,537,532,267,77,25,19,0,10,136,278,239,111,32,25,0,1,36,71,109,81,49,32,0,0,7,19,44,54,42,35,0,1,0,15,28,29,42,168
719,506,24,1,0,0,2,1,482,2323,778,126,8,3,2,0,26,764,1162,460,120,19,6,6,1,108,459,449,188,61,16,6,0,12,119,199,142,62,24,11,0,1,27,44,82,45,23,16,0,0,3,11,21,30,10,24,0,4,5,11,12,20,15,101
719,482,26,1,0,0,0,0,506,2323,764,108,12,1,0,4,24,778,1162,459,119,27,3,5,1,126,460,449,199,44,11,11,0,8,120,188,142,82,21,12,0,3,19,61,62,45,30,20,2,2,6,16,24,23,10,15,1,0,6,6,11,16,24,101
740,476,21,1,1,0,0,0,496,2359,731,111,9,4,1,2,12,760,1193,468,108,25,3,7,3,96,481,455,194,56,10,8,1,11,116,190,158,60,23,10,0,2,22,51,64,41,35,23,0,3,3,14,20,30,11,17,0,0,4,6,12,23,17,102
740,496,12,3,1,0,0,0,476,2359,760,96,11,2,3,0,21,731,1193,481,116,22,3,4,1,111,468,455,190,51,14,6,1,9,108,194,158,64,20,12,0,4,25,56,60,41,30,23,0,1,3,10,23,35,11,17,0,2,7,8,10,23,17,102
318,369,16,1,0,0,0,0,345,1928,876,155,29,6,1,1,30,800,1149,571,160,37,12,6,2,171,518,460,254,94,29,18,0,30,164,234,218,83,41,25,0,4,47,94,70,64,34,37,0,1,9,30,41,28,23,36,0,1,7,15,26,41,29,112
318,345,30,2,0,0,0,0,369,1928,800,171,30,4,1,1,16,876,1149,518,164,47,9,7,1,155,571,460,234,94,30,15,0,29,160,254,218,70,41,26,0,6,37,94,83,64,28,41,0,1,12,29,41,34,23,29,0,1,6,18,25,37,36,112
373,315,12,0,0,0,0,0,307,2151,766,90,11,6,1,1,9,736,1325,561,127,20,2,0,1,101,525,555,261,71,22,11,0,9,135,254,231,105,47,13,0,2,23,75,93,86,35,37,0,2,9,11,41,34,30,37,0,2,0,7,30,29,29,134
373,307,9,1,0,0,0,0,315,2151,736,101,9,2,2,2,12,766,1325,525,135,23,9,0,0,90,561,555,254,75,11,7,0,11,127,261,231,93,41,30,0,6,20,71,105,86,34,29,0,1,2,22,47,35,30,29,0,1,0,11,13,37,37,134
600,382,12,1,0,0,0,0,375,1776,646,134,15,1,0,0,11,637,1186,556,163,29,1,3,1,131,560,591,294,101,31,4,1,16,154,303,241,115,43,25,0,3,29,99,123,82,49,25,0,1,3,27,44,45,29,35,0,0,3,4,26,36,31,67
600,375,11,1,1,0,0,0,382,1776,637,131,16,3,1,0,12,646,1186,560,154,29,3,3,1,134,556,591,303,99,27,4,0,15,163,294,241,123,44,26,0,1,29,101,115,82,45,36,0,0,1,31,43,49,29,31,0,0,3,4,25,25,35,67
631,343,19,0,0,0,0,0,350,1850,618,106,16,0,0,0,7,642,1199,569,140,23,2,1,0,103,591,598,306,92,25,4,0,8,141,320,247,123,47,13,0,0,28,98,119,82,46,41,0,0,1,23,53,49,33,26,0,0,2,3,14,38,29,81
631,350,7,0,0,0,0,0,343,1850,642,103,8,0,0,0,19,618,1199,591,141,28,1,2,0,106,569,598,320,98,23,3,0,16,140,306,247,119,53,14,0,0,23,92,123,82,49,38,0,0,2,25,47,46,33,29,0,0,1,4,13,41,26,81
485,358,21,0,0,0,0,0,343,1822,647,130,18,2,0,0,9,639,1011,514,151,30,6,3,4,116,512,514,269,112,41,12,0,19,153,270,246,141,63,39,0,0,27,109,137,117,73,58,0,1,5,33,62,69,59,56,0,0,3,12,52,46,47,234
485,343,9,4,0,0,0,0,358,1822,639,116,19,0,1,0,21,647,1011,512,153,27,5,3,0,130,514,514,270,109,33,12,0,18,151,269,246,137,62,52,0,2,30,112,141,117,69,46,0,0,6,41,63,73,59,47,0,0,3,12,39,58,56,234
516,338,10,0,0,0,0,0,331,1910,636,88,11,2,0,0,8,605,1074,489,151,32,7,8,0,99,494,565,286,87,30,9,0,10,127,293,246,150,64,29,0,2,29,96,149,123,67,51,0,0,3,29,53,71,60,65,0,0,0,9,39,56,57,236
516,331,8,0,0,0,0,0,338,1910,605,99,10,2,0,0,10,636,1074,494,127,29,3,0,0,88,489,565,293,96,29,9,0,11,151,286,246,149,53,39,0,2,32,87,150,123,71,56,0,0,7,30,64,67,60,57,0,0,8,9,29,51,65,236
466,326,12,0,0,0,0,0,321,1431,476,95,12,0,0,2,9,485,857,499,154,45,4,0,0,93,499,537,338,133,55,13,0,14,170,345,360,187,102,54,0,1,42,130,209,158,103,89,0,1,7,51,100,123,90,112,0,0,2,16,52,84,127,309
466,321,9,0,0,0,0,0,326,1431,485,93,14,1,1,0,12,476,857,499,170,42,7,2,0,95,499,537,345,130,51,16,0,12,154,338,360,209,100,52,0,0,45,133,187,158,123,84,0,0,4,55,102,103,90,127,0,2,0,13,54,89,112,309
465,333,9,0,0,0,0,0,332,1455,468,91,17,2,0,0,9,450,887,478,176,44,4,4,1,99,488,525,342,145,45,10,0,17,155,359,331,201,111,49,0,1,37,139,197,147,114,95,0,0,0,52,106,102,104,115,0,0,1,16,61,91,104,316
465,332,9,1,0,0,0,0,333,1455,450,99,17,1,0,0,9,468,887,488,155,37,0,1,0,91,478,525,359,139,52,16,0,17,176,342,331,197,106,61,0,2,44,145,201,147,102,91,0,0,4,45,111,114,104,104,0,0,4,10,49,95,115,316
342,250,6,0,0,0,0,0,256,1386,468,105,20,3,0,0,2,500,937,528,165,32,6,3,0,86,538,649,397,142,39,14,0,8,177,360,335,223,115,58,0,2,41,164,215,178,92,90,0,0,7,41,106,112,95,83,0,0,2,14,43,85,100,280
342,256,2,0,0,0,0,0,250,1386,500,86,8,2,0,0,6,468,937,538,177,41,7,2,0,105,528,649,360,164,41,14,0,20,165,397,335,215,106,43,0,3,32,142,223,178,112,85,0,0,6,39,115,92,95,100,0,0,3,14,58,90,83,280
344,248,7,2,0,0,0,0,246,1392,478,107,13,0,0,0,9,490,955,497,160,30,8,2,1,104,533,650,378,139,42,16,0,19,161,399,339,218,93,46,0,2,33,152,236,181,109,75,0,1,7,44,96,110,91,103,0,1,3,14,48,96,95,277
344,246,9,1,0,0,0,0,248,1392,490,104,19,2,1,1,7,478,955,533,161,33,7,3,2,107,497,650,399,152,44,14,0,13,160,378,339,236,96,48,0,0,30,139,218,181,110,96,0,0,8,42,93,109,91,95,0,0,2,16,46,75,103,277
371,255,8,0,0,0,0,0,265,1405,492,107,13,1,0,0,3,499,974,559,188,39,5,0,0,112,568,658,370,152,36,19,0,15,167,396,317,200,84,50,0,1,42,152,203,160,105,80,0,0,7,38,91,107,69,79,0,0,1,8,44,79,94,212
371,265,3,0,0,0,0,0,255,1405,499,112,15,1,0,0,8,492,974,568,167,42,7,1,0,107,559,658,396,152,38,8,0,13,188,370,317,203,91,44,0,1,39,152,200,160,107,79,0,0,5,36,84,105,69,94,0,0,0,19,50,80,79,212
364,265,13,1,0,0,0,0,269,1403,481,97,18,2,1,0,10,507,964,561,170,37,3,1,1,106,566,657,392,152,34,12,0,16,163,395,317,198,95,51,0,3,44,157,203,163,95,76,0,0,10,40,83,107,73,82,0,0,1,9,47,78,91,216
364,269,10,1,0,0,0,0,265,1403,507,106,16,3,0,0,13,481,964,566,163,44,10,1,1,97,561,657,395,157,40,9,0,18,170,392,317,203,83,47,0,2,37,152,198,163,107,78,0,1,3,34,95,95,73,91,0,0,1,12,51,76,82,216
158,270,16,0,2,0,0,0,257,2096,923,127,18,3,1,0,24,872,1390,601,143,29,8,9,5,139,571,552,219,69,29,12,0,11,137,209,174,79,28,33,0,5,31,72,80,53,26,28,0,1,11,20,24,28,21,38,0,1,1,21,23,37,31,134
158,257,24,5,0,0,0,0,270,2096,872,139,11,5,1,1,16,923,1390,571,137,31,11,1,0,127,601,552,209,72,20,21,2,18,143,219,174,80,24,23,0,3,29,69,79,53,28,37,0,1,8,29,28,26,21,31,0,0,9,12,33,28,38,134
171,256,8,3,0,0,0,0,262,2166,884,95,5,2,0,0,10,855,1475,600,101,24,5,5,0,111,577,559,258,73,18,9,0,9,113,249,169,86,27,25,0,2,13,73,85,54,34,34,0,0,3,14,43,21,28,33,0,1,2,16,19,37,31,147
171,262,10,0,0,0,0,0,256,2166,855,111,9,2,0,1,8,884,1475,577,113,13,3,2,3,95,600,559,249,73,14,16,0,5,101,258,169,85,43,19,0,2,24,73,86,54,21,37,0,0,5,18,27,34,28,31,0,0,5,9,25,34,33,147
395,482,31,5,1,0,0,0,462,2487,833,159,32,16,4,8,33,816,973,410,112,28,14,14,10,139,378,314,140,86,37,29,3,32,110,139,99,65,25,44,0,8,31,56,77,55,33,44,3,5,20,28,29,24,24,45,2,8,20,31,35,38,47,272
395,462,33,10,3,0,3,2,482,2487,816,139,32,8,5,8,31,833,973,378,110,31,20,20,5,159,410,314,139,56,28,31,1,32,112,140,99,77,29,35,0,16,28,86,65,55,24,38,0,4,14,37,25,33,24,47,0,8,14,29,44,44,45,272
453,436,16,0,2,0,0,0,429,2646,791,83,18,11,3,6,19,786,1035,420,82,19,7,20,6,93,409,347,165,64,28,23,1,15,82,163,118,73,32,41,0,7,29,72,77,52,33,45,1,1,17,22,33,39,31,43,0,2,11,34,32,53,51,273
453,429,19,6,1,0,1,0,436,2646,786,93,15,7,1,2,16,791,1035,409,82,29,17,11,0,83,420,347,163,72,22,34,2,18,82,165,118,77,33,32,0,11,19,64,73,52,39,53,0,3,7,28,32,33,31,51,0,6,20,23,41,45,43,273
304,326,53,4,2,0,0,0,324,1068,609,196,46,9,1,0,56,608,710,467,192,80,20,5,4,194,451,421,281,141,64,33,0,55,223,264,232,183,89,79,0,14,66,140,178,138,114,112,0,3,27,73,104,89,103,133,0,0,2,25,82,114,145,444
246,350,78,13,0,1,0,0,342,1036,611,188,57,20,3,0,85,574,755,460,184,56,20,6,12,216,424,447,273,131,68,24,3,57,185,263,276,177,94,61,0,20,70,133,177,150,105,103,0,4,19,56,78,127,108,143,0,2,11,27,67,94,137,473
304,324,56,4,0,0,0,0,326,1068,608,194,55,14,3,0,53,609,710,451,223,66,27,2,4,196,467,421,264,140,73,25,2,46,192,281,232,178,104,82,0,9,80,141,183,138,89,114,0,1,20,64,89,114,103,145,0,0,5,33,79,112,133,444
246,342,85,12,3,0,0,0,350,1036,574,216,57,20,4,2,78,611,755,424,185,70,19,11,13,188,460,447,263,133,56,27,0,57,184,273,276,177,78,67,1,20,56,131,177,150,127,94,0,3,20,68,94,105,108,137,0,0,6,24,61,103,143,473
223,304,12,2,2,2,0,2,297,1836,710,135,23,14,4,7,18,685,880,402,123,50,18,32,2,119,362,338,185,90,43,62,0,47,133,146,145,99,43,75,0,18,54,91,84,71,53,117,0,8,27,31,48,56,39,97,1,6,30,51,77,104,111,1056
223,297,18,2,0,0,0,1,304,1836,685,119,47,18,8,6,12,710,880,362,133,54,27,30,2,135,402,338,146,91,31,51,2,23,123,185,145,84,48,77,2,14,50,90,99,71,56,104,0,4,18,43,43,53,39,111,2,7,32,62,75,117,97,1056
259,266,11,0,0,0,0,0,272,2020,629,64,15,1,3,1,9,639,1014,389,102,35,13,7,0,74,393,396,195,82,31,32,0,9,96,204,151,109,65,67,1,3,41,86,114,87,48,113,1,3,8,33,58,53,39,117,0,3,17,29,62,124,111,1096
259,272,9,0,0,1,1,0,266,2020,639,74,9,3,3,3,11,629,1014,393,96,41,8,17,0,64,389,396,204,86,33,29,0,15,102,195,151,114,58,62,0,1,35,82,109,87,53,124,0,3,13,31,65,48,39,111,0,1,7,32,67,113,117,1096
270,296,20,1,3,1,0,1,281,1921,645,124,45,13,12,6,32,644,803,368,123,57,21,24,5,114,336,328,170,87,41,81,2,36,135,155,137,88,49,108,0,11,46,79,82,62,56,111,0,5,26,40,56,50,42,122,0,7,37,71,106,94,125,1089
270,281,32,5,2,0,0,0,296,1921,644,114,36,11,5,7,20,645,803,336,135,46,26,37,1,124,368,328,155,79,40,71,3,45,123,170,137,82,56,106,1,13,57,87,88,62,50,94,0,12,21,41,49,56,42,125,1,6,24,81,108,111,122,1089
271,299,11,3,2,0,0,0,300,1984,605,85,18,4,1,6,7,634,920,350,102,30,11,14,2,82,372,392,187,78,34,27,0,27,96,194,162,106,56,81,0,2,24,72,110,87,71,95,0,0,18,33,60,66,55,118,2,4,17,34,77,90,118,1194
271,300,7,2,0,0,0,2,299,1984,634,82,27,2,0,4,11,605,920,372,96,24,18,17,3,85,350,392,194,72,33,34,2,18,102,187,162,110,60,77,0,4,30,78,106,87,66,90,0,1,11,34,56,71,55,118,0,6,14,27,81,95,118,1194
635,542,33,9,3,2,0,3,527,2094,601,133,21,8,4,9,30,578,751,318,129,51,14,23,5,124,300,288,153,98,41,64,4,24,109,166,125,72,41,82,1,10,53,69,86,91,37,90,4,8,21,26,36,36,22,78,1,9,28,67,78,85,75,675
635,527,30,5,4,1,4,1,542,2094,578,124,24,10,8,9,33,601,751,300,109,53,21,28,9,133,318,288,166,69,26,67,3,21,129,153,125,86,36,78,2,8,51,98,72,91,36,85,0,4,14,41,41,37,22,75,3,9,23,64,82,90,78,675
727,478,11,1,1,0,0,0,454,2253,531,91,20,10,2,5,30,552,831,330,86,37,12,14,9,84,358,325,173,77,28,27,1,9,99,167,164,92,41,60,1,7,27,91,93,88,41,99,1,4,12,32,40,46,31,75,1,1,13,34,49,89,83,752
727,454,30,9,1,1,1,1,478,2253,552,84,9,7,4,1,11,531,831,358,99,27,12,13,1,91,330,325,167,91,32,34,1,20,86,173,164,93,40,49,0,10,37,77,92,88,46,89,0,2,12,28,41,41,31,83,0,5,14,27,60,99,75,752
524,434,22,1,1,2,0,3,426,1834,580,117,32,6,3,8,27,561,790,432,150,47,13,11,2,103,428,416,252,102,43,40,0,20,131,246,203,118,77,67,1,9,39,116,134,104,68,86,0,6,17,43,51,90,57,79,2,4,23,27,56,90,88,438
524,426,27,2,0,1,0,2,434,1834,561,103,20,9,6,4,22,580,790,428,131,39,17,23,1,117,432,416,246,116,43,27,1,32,150,252,203,134,51,56,2,6,47,102,118,104,90,90,0,3,13,43,77,68,57,88,3,8,11,40,67,86,79,438
578,391,8,0,0,0,0,1,389,1981,521,75,15,5,3,1,13,512,893,425,127,32,10,14,0,77,428,454,253,104,45,32,0,11,123,266,222,129,71,52,0,6,33,106,139,118,82,75,0,1,9,32,59,85,60,101,0,4,12,34,58,90,76,459
578,389,13,0,0,0,0,0,391,1981,512,77,11,6,1,4,8,521,893,428,123,33,9,12,0,75,425,454,266,106,32,34,0,15,127,253,222,139,59,58,0,5,32,104,129,118,85,90,0,3,10,45,71,82,60,76,1,1,14,32,52,75,101,459
376,404,22,0,0,1,0,0,404,2130,841,128,24,3,1,2,21,841,1179,509,140,24,7,2,1,122,523,443,225,77,22,10,0,20,117,230,154,98,31,25,0,5,20,81,80,74,47,32,0,0,4,22,35,41,28,30,0,2,4,11,28,29,28,142
376,404,21,1,0,0,0,0,404,2130,841,122,20,5,0,2,22,841,1179,523,117,20,4,4,0,128,509,443,230,81,22,11,0,24,140,225,154,80,35,28,1,3,24,77,98,74,41,29,0,1,7,22,31,47,28,28,0,2,2,10,25,32,30,142
417,357,14,2,0,0,0,0,372,2272,766,106,10,2,2,2,9,776,1261,508,134,29,8,2,1,112,510,483,215,75,18,12,2,7,139,212,163,100,42,14,0,4,23,83,103,72,35,28,0,0,2,25,33,36,25,39,0,0,5,11,22,33,30,137
417,372,9,1,2,0,0,0,357,2272,776,112,7,4,0,0,14,766,1261,510,139,23,2,5,2,106,508,483,212,83,25,11,0,10,134,215,163,103,33,22,0,2,29,75,100,72,36,33,0,2,8,18,42,35,25,30,0,2,2,12,14,28,39,137
265,264,11,3,2,1,0,0,265,1510,537,114,33,16,5,0,20,541,789,425,162,67,20,18,4,115,417,494,261,154,67,43,0,40,162,277,267,158,98,87,0,15,75,129,179,116,79,131,0,0,35,59,107,85,68,125,0,2,16,52,83,131,142,559
265,265,20,4,0,0,0,0,264,1510,541,115,40,15,0,2,11,537,789,417,162,75,35,16,3,114,425,494,277,129,59,52,2,33,162,261,267,179,107,83,1,16,67,154,158,116,85,131,0,5,20,67,98,79,68,142,0,0,18,43,87,131,125,559
277,269,6,1,0,0,0,0,264,1587,514,85,19,5,1,0,9,517,847,456,158,50,9,4,0,88,468,499,302,120,50,25,0,10,144,302,286,200,82,64,0,2,37,137,178,144,101,123,0,3,13,52,90,111,90,125,1,1,13,27,59,96,143,636
277,264,9,0,0,0,0,1,269,1587,517,88,10,2,3,1,6,514,847,468,144,37,13,13,1,85,456,499,302,137,52,27,0,19,158,302,286,178,90,59,0,5,50,120,200,144,111,96,0,1,9,50,82,101,90,143,0,0,4,25,64,123,125,636
167,232,13,4,0,0,0,0,226,1787,817,138,15,0,0,0,16,811,1268,576,148,39,5,1,1,141,581,573,274,98,25,17,0,12,140,270,223,127,50,39,0,1,40,112,121,100,65,53,0,0,11,28,44,64,36,49,0,0,3,17,39,57,49,177
167,226,16,1,0,0,0,0,232,1787,811,141,12,1,0,0,13,817,1268,581,140,40,11,3,4,138,576,573,270,112,28,17,0,15,148,274,223,121,44,39,0,0,39,98,127,100,64,57,0,0,5,25,50,65,36,49,0,0,1,17,39,53,49,177
185,227,7,1,0,0,0,0,219,1885,761,101,10,1,0,0,9,767,1365,584,117,22,5,0,0,104,564,630,270,106,18,17,0,7,138,260,249,126,49,34,0,1,25,105,130,115,58,57,0,0,5,23,62,51,40,49,0,0,2,8,23,66,62,180
185,219,9,0,0,0,0,0,227,1885,767,104,7,1,0,0,7,761,1365,564,138,25,5,2,1,101,584,630,260,105,23,8,0,10,117,270,249,130,62,23,0,1,22,106,126,115,51,66,0,0,5,18,49,58,40,62,0,0,0,17,34,57,49,180
87,136,12,2,0,0,0,0,136,1095,495,94,14,2,0,0,9,455,870,498,217,62,6,2,1,103,488,621,400,185,56,18,0,15,188,376,394,246,160,82,0,0,44,194,251,219,140,116,0,0,12,60,131,145,131,141,0,0,1,25,69,118,133,445
87,136,9,1,0,0,0,0,136,1095,455,103,15,0,0,0,12,495,870,488,188,44,12,1,2,94,498,621,376,194,60,25,0,14,217,400,394,251,131,69,0,2,62,185,246,219,145,118,0,0,6,56,160,140,131,133,0,0,2,18,82,116,141,445
95,135,7,0,0,0,0,0,127,1140,470,82,11,1,0,0,9,433,925,513,183,40,2,3,1,87,461,629,431,183,51,31,0,16,175,399,428,268,142,48,0,3,51,178,241,217,161,121,0,1,10,50,134,158,125,148,0,0,2,20,52,107,144,451
95,127,9,1,0,0,0,0,135,1140,433,87,16,3,1,0,7,470,925,461,175,51,10,2,0,82,513,629,399,178,50,20,0,11,183,431,428,241,134,52,0,1,40,183,268,217,158,107,0,0,2,51,142,161,125,144,0,0,3,31,48,121,148,451
274,249,7,0,0,0,0,1,252,1501,508,97,21,1,2,0,10,532,908,457,146,47,7,6,0,82,466,533,315,158,50,19,0,15,157,333,309,184,93,80,0,4,36,136,213,179,112,112,0,1,14,55,88,117,89,128,0,0,8,15,74,109,138,452
274,252,10,0,0,0,0,0,249,1501,532,82,15,4,1,0,7,508,908,466,157,36,14,8,0,97,457,533,333,136,55,15,0,21,146,315,309,213,88,74,0,1,47,158,184,179,117,109,0,2,7,50,93,112,89,138,1,0,6,19,80,112,128,452
276,251,11,0,0,0,0,0,248,1521,529,83,17,1,0,0,8,515,921,472,153,41,3,2,2,71,461,559,334,122,52,23,2,20,123,316,319,204,105,75,0,3,43,143,208,186,101,99,0,0,10,31,89,125,102,127,0,0,0,19,50,119,128,477
276,248,8,2,2,0,0,0,251,1521,515,71,20,3,0,0,11,529,921,461,123,43,10,0,0,83,472,559,316,143,31,19,0,17,153,334,319,208,89,50,0,1,41,122,204,186,125,119,0,0,3,52,105,101,102,128,0,0,2,23,75,99,127,477
86,130,2,1,0,0,0,0,128,928,429,70,11,2,0,0,5,418,895,514,184,42,9,1,0,83,500,598,381,185,57,26,0,9,189,371,356,243,150,85,0,1,45,190,255,229,133,152,0,0,15,70,136,155,133,184,0,0,1,22,83,152,205,651
86,128,5,0,0,0,0,0,130,928,418,83,9,1,0,0,2,429,895,500,189,45,15,1,1,70,514,598,371,190,70,22,0,11,184,381,356,255,136,83,0,2,42,185,243,229,155,152,0,0,9,57,150,133,133,205,0,0,1,26,85,152,184,651
92,122,7,0,0,0,0,0,113,953,401,84,10,2,0,0,15,397,927,484,174,56,8,5,1,85,502,612,399,145,61,19,0,21,173,356,369,249,145,94,0,4,47,186,233,224,154,162,0,0,11,63,124,159,141,195,0,0,8,33,92,165,178,640
92,113,15,1,0,0,0,0,122,953,397,85,21,4,0,0,7,401,927,502,173,47,11,8,0,84,484,612,356,186,63,33,0,10,174,399,369,233,124,92,0,2,56,145,249,224,159,165,0,0,8,61,145,154,141,178,0,0,5,19,94,162,195,640
149,202,54,6,0,0,0,0,212,914,600,230,41,13,3,0,41,630,795,541,243,90,8,4,4,214,561,515,328,159,58,19,0,50,239,346,387,189,99,43,0,8,83,139,197,157,119,100,0,1,20,55,94,104,79,116,0,0,3,38,57,88,108,347
95,206,86,16,3,1,0,0,224,878,597,229,75,14,1,4,62,613,845,506,237,64,22,9,17,230,527,515,339,165,41,24,3,60,215,367,358,193,87,68,1,21,57,145,195,177,125,81,0,5,18,51,101,97,90,106,0,1,9,32,47,93,107,345
149,212,41,4,0,0,0,0,202,914,630,214,50,8,1,0,54,600,795,561,239,83,20,3,6,230,541,515,346,139,55,38,0,41,243,328,387,197,94,57,0,13,90,159,189,157,104,88,0,3,8,58,99,119,79,108,0,0,4,19,43,100,116,347
95,224,62,17,3,1,0,0,206,878,613,230,60,21,5,1,86,597,845,527,215,57,18,9,16,229,506,515,367,145,51,32,3,75,237,339,358,195,101,47,1,14,64,165,193,177,97,93,0,1,22,41,87,125,90,107,0,4,9,24,68,81,106,345
200,238,14,1,0,0,0,0,240,1671,609,105,13,1,2,0,13,608,955,467,132,47,12,6,0,109,462,482,269,131,37,17,0,21,148,252,239,158,84,70,0,6,33,132,166,153,116,95,0,1,8,42,89,106,80,127,0,0,2,28,60,110,121,612
200,240,13,0,0,0,0,0,238,1671,608,109,21,6,1,0,14,609,955,462,148,33,8,2,1,105,467,482,252,132,42,28,0,13,132,269,239,166,89,60,0,1,47,131,158,153,106,110,0,2,12,37,84,116,80,121,0,0,6,17,70,95,127,612
198,233,18,5,0,1,0,1,216,1653,662,114,20,4,0,0,16,588,903,507,144,46,20,12,4,129,433,440,260,148,52,36,1,24,147,239,245,170,71,68,0,8,48,129,161,133,116,99,0,1,21,48,89,92,75,124,0,0,8,34,62,113,120,591
198,216,16,4,1,0,0,0,233,1653,588,129,24,8,1,0,18,662,903,433,147,48,21,8,5,114,507,440,239,129,48,34,0,20,144,260,245,161,89,62,1,4,46,148,170,133,92,113,0,0,20,52,71,116,75,120,1,0,12,36,68,99,124,591
179,177,9,0,0,0,0,0,184,1037,404,73,15,3,0,0,6,407,830,486,157,40,15,1,1,77,498,653,382,180,68,21,0,15,147,401,374,223,137,69,0,3,48,167,254,215,148,124,0,0,14,69,113,161,147,171,0,0,1,21,72,133,157,613
179,184,6,1,0,0,0,0,177,1037,407,77,15,3,0,0,9,404,830,498,147,48,14,1,0,73,486,653,401,167,69,21,0,15,157,382,374,254,113,72,0,3,40,180,223,215,161,133,0,0,15,68,137,148,147,157,0,0,1,21,69,124,171,613
189,168,5,1,0,0,0,0,174,1051,382,96,18,0,0,0,5,391,833,491,169,41,9,4,2,93,500,627,374,177,85,22,0,18,156,393,364,236,132,67,0,1,40,178,227,228,150,133,0,1,14,65,135,142,127,192,0,0,1,26,69,134,175,589
189,174,5,2,0,0,0,0,168,1051,391,93,18,1,1,0,5,382,833,500,156,40,14,1,1,96,491,627,393,178,65,26,0,18,169,374,364,227,135,69,0,0,41,177,236,228,142,134,0,0,9,85,132,150,127,175,0,0,4,22,67,133,192,589
194,274,14,0,0,0,0,5,271,1881,659,80,9,3,2,2,19,647,1050,434,137,36,11,6,3,95,447,496,239,110,34,11,0,4,115,247,234,164,66,54,0,7,40,131,147,141,71,100,0,0,10,38,74,93,66,95,0,4,2,17,40,89,127,555
194,271,19,3,0,0,0,0,274,1881,647,95,4,7,0,4,14,659,1050,447,115,40,10,2,0,80,434,496,247,131,38,17,0,9,137,239,234,147,74,40,0,3,36,110,164,141,93,89,0,2,11,34,66,71,66,127,5,2,6,11,54,100,95,555
207,264,12,2,1,1,0,0,263,1862,635,116,22,5,1,1,17,666,1021,429,140,55,10,4,1,107,463,463,233,98,34,43,0,17,136,234,220,144,79,59,0,6,53,118,147,138,70,105,0,2,14,45,67,92,66,89,0,2,7,21,50,97,113,533
207,263,17,1,0,0,0,0,264,1862,666,107,17,6,2,2,12,635,1021,463,136,53,14,7,2,116,429,463,234,118,45,21,1,22,140,233,220,147,67,50,1,5,55,98,144,138,92,97,0,1,10,34,79,70,66,113,0,1,4,43,59,105,89,533
171,227,3,0,0,0,0,0,227,1726,681,108,8,2,0,0,8,677,1069,459,125,31,2,2,0,101,451,502,234,109,37,19,0,4,127,243,225,128,62,45,0,1,27,92,134,113,80,100,0,1,6,41,61,85,74,115,0,0,3,17,50,76,123,888
171,227,8,0,0,0,0,0,227,1726,677,101,4,1,1,0,3,681,1069,451,127,27,6,3,0,108,459,502,243,92,41,17,0,8,125,234,225,134,61,50,0,2,31,109,128,113,85,76,0,0,2,37,62,80,74,123,0,0,2,19,45,100,115,888
160,229,18,0,1,0,0,0,196,1690,689,130,26,11,5,5,15,638,1017,466,148,44,23,16,5,117,433,464,228,110,40,55,6,24,125,232,180,125,65,72,1,11,47,93,117,98,61,114,2,5,23,43,68,62,58,120,3,8,21,47,73,101,130,786
160,196,15,5,6,1,2,3,229,1690,638,117,24,11,5,8,18,689,1017,433,125,47,23,21,0,130,466,464,232,93,43,47,1,26,148,228,180,117,68,73,0,11,44,110,125,98,62,101,0,5,23,40,65,61,58,130,0,5,16,55,72,114,120,786
136,142,1,1,0,0,0,0,141,1090,477,100,12,1,0,0,2,470,1003,580,174,28,9,3,0,97,547,657,429,174,35,19,0,12,183,391,400,239,113,56,0,1,31,169,220,190,128,110,0,0,6,50,108,128,106,137,0,0,1,16,57,97,145,478
136,141,2,0,0,0,0,0,142,1090,470,97,12,1,0,0,1,477,1003,547,183,31,6,1,1,100,580,657,391,169,50,16,0,12,174,429,400,220,108,57,0,1,28,174,239,190,128,97,0,0,9,35,113,128,106,145,0,0,3,19,56,110,137,478
133,148,0,0,0,0,0,0,146,1074,493,89,13,0,2,1,2,472,982,573,174,37,7,3,0,104,563,651,402,164,53,17,0,18,179,419,386,222,120,57,0,4,34,144,244,190,124,117,0,0,7,45,112,138,106,128,0,0,4,24,61,110,128,476
133,146,2,0,0,0,0,0,148,1074,472,104,18,4,0,0,0,493,982,563,179,34,7,4,0,89,573,651,419,144,45,24,0,13,174,402,386,244,112,61,0,0,37,164,222,190,138,110,0,2,7,53,120,124,106,128,0,1,3,17,57,117,128,476
289,312,15,0,0,0,0,0,322,2134,803,94,16,0,0,0,11,801,1209,485,131,24,5,1,0,102,479,438,211,76,30,6,0,11,124,203,202,132,46,36,0,3,21,87,127,108,59,40,0,1,3,21,47,54,61,71,0,0,1,6,28,55,55,304
289,322,11,0,0,0,0,0,312,2134,801,102,11,3,1,0,15,803,1209,479,124,21,3,1,0,94,485,438,203,87,21,6,0,16,131,211,202,127,47,28,0,0,24,76,132,108,54,55,0,0,5,30,46,59,61,55,0,0,1,6,36,40,71,304
286,319,15,0,0,0,0,0,318,2114,785,137,19,7,3,3,11,789,1188,474,129,52,9,5,2,108,458,402,215,89,32,29,1,20,149,201,184,101,47,45,0,7,48,84,104,70,62,65,0,3,12,22,66,61,45,49,0,1,7,17,44,67,59,261
286,318,11,2,1,0,0,0,319,2114,789,108,20,7,3,1,15,785,1188,458,149,48,12,7,0,137,474,402,201,84,22,17,0,19,129,215,184,104,66,44,0,7,52,89,101,70,61,67,0,3,9,32,47,62,45,59,0,3,5,29,45,65,49,261
378,364,20,1,0,0,0,0,375,2165,709,72,12,0,2,1,8,693,1151,506,127,25,11,5,0,105,473,484,237,97,28,12,0,15,127,242,188,108,57,39,0,0,36,84,116,86,53,44,0,0,7,30,56,58,42,54,0,3,2,20,35,47,50,240
378,375,8,0,0,0,0,0,364,2165,693,105,15,0,0,3,20,709,1151,473,127,36,7,2,1,72,506,484,242,84,30,20,0,12,127,237,188,116,56,35,0,0,25,97,108,86,58,47,0,2,11,28,57,53,42,50,0,1,5,12,39,44,54,240
388,362,16,2,0,0,0,0,361,2170,713,92,9,2,1,0,12,699,1158,484,122,34,6,4,0,100,459,485,244,85,38,17,0,10,134,255,184,106,59,28,0,3,26,82,120,80,56,51,0,2,8,22,56,58,49,53,2,0,6,9,41,54,40,243
388,361,12,0,0,0,0,2,362,2170,699,100,10,3,2,0,16,713,1158,459,134,26,8,6,2,92,484,485,255,82,22,9,0,9,122,244,184,120,56,41,0,2,34,85,106,80,58,54,0,1,6,38,59,56,49,40,0,0,4,17,28,51,53,243
356,374,22,1,0,0,0,0,381,2094,699,102,9,6,1,1,14,719,1051,425,113,33,8,3,2,99,442,430,239,65,23,16,0,18,128,228,194,104,66,42,0,3,24,78,119,90,50,62,0,1,5,26,54,56,53,83,0,0,5,15,48,66,76,478
356,381,14,2,0,0,0,0,374,2094,719,99,18,3,1,0,22,699,1051,442,128,24,5,5,1,102,425,430,228,78,26,15,0,9,113,239,194,119,54,48,0,6,33,65,104,90,56,66,0,1,8,23,66,50,53,76,0,1,3,16,42,62,83,478
369,370,19,1,0,1,0,0,352,2106,703,117,27,10,2,3,27,679,1035,456,114,37,10,14,6,118,416,387,240,73,35,30,0,21,132,201,192,105,51,59,0,11,37,80,92,73,57,73,0,2,15,33,56,58,37,74,1,1,15,44,55,73,79,416
369,352,27,6,0,0,0,1,370,2106,679,118,21,11,2,1,19,703,1035,416,132,37,15,15,1,117,456,387,201,80,33,44,0,27,114,240,192,92,56,55,1,10,37,73,105,73,58,73,0,2,10,35,51,57,37,79,0,3,14,30,59,73,74,416
256,228,25,1,0,0,0,0,244,1638,731,128,13,3,1,0,9,765,1266,603,171,36,9,4,0,110,646,609,289,102,24,5,0,5,165,287,244,150,47,25,0,2,28,117,139,133,55,48,0,1,4,21,52,58,41,58,0,0,1,18,19,43,59,164
256,244,9,0,0,0,0,0,228,1638,765,110,5,2,1,0,25,731,1266,646,165,28,4,1,1,128,603,609,287,117,21,18,0,13,171,289,244,139,52,19,0,3,36,102,150,133,58,43,0,1,9,24,47,55,41,59,0,0,4,5,25,48,58,164
252,248,12,2,0,0,0,0,248,1675,724,105,19,4,0,1,11,755,1314,581,147,34,4,5,1,92,610,629,292,119,28,4,0,10,151,301,254,124,49,31,0,1,25,127,137,133,61,47,0,1,4,22,50,63,43,46,0,1,5,10,21,50,48,169
252,248,11,1,0,0,0,0,248,1675,755,92,10,1,1,1,12,724,1314,610,151,25,4,5,2,105,581,629,301,127,22,10,0,19,147,292,254,137,50,21,0,4,34,119,124,133,63,50,0,0,4,28,49,61,43,48,0,1,5,4,31,47,46,169
193,240,14,2,0,0,0,0,247,1465,605,117,22,4,2,0,12,603,1020,525,179,42,13,6,0,131,519,577,312,129,52,28,1,21,181,317,279,186,93,53,0,5,55,124,193,160,95,79,0,0,6,60,90,106,77,91,0,2,3,26,60,82,88,308
193,247,12,0,1,0,0,0,240,1465,603,131,21,5,0,2,14,605,1020,519,181,55,6,3,2,117,525,577,317,124,60,26,0,22,179,312,279,193,90,60,0,4,42,129,186,160,106,82,0,2,13,52,93,95,77,88,0,0,6,28,53,79,91,308
203,230,10,0,0,0,0,0,237,1517,582,95,17,1,1,0,8,582,1073,531,174,39,5,2,0,102,530,604,311,150,34,16,0,17,156,327,314,177,96,54,0,0,36,132,176,167,116,84,0,0,9,41,107,105,72,89,0,0,5,18,43,72,103,330
203,237,8,0,0,0,0,0,230,1517,582,102,17,0,0,0,10,582,1073,530,156,36,9,5,0,95,531,604,327,132,41,18,0,17,174,311,314,176,107,43,0,1,39,150,177,167,105,72,0,1,5,34,96,116,72,103,0,0,2,16,54,84,89,330
117,172,39,6,2,0,0,0,170,799,567,177,45,12,0,0,49,551,827,514,238,56,25,6,5,189,516,496,336,147,73,37,0,53,215,336,310,188,109,89,0,6,79,152,179,167,109,123,0,1,28,69,102,125,117,148,0,0,4,44,87,119,156,614
85,176,64,14,4,0,0,0,163,754,576,209,69,8,6,5,77,547,807,459,255,77,27,13,14,203,491,527,306,141,63,53,3,66,214,334,288,199,108,84,0,26,72,148,191,152,133,94,0,3,31,70,107,113,110,154,0,2,22,35,75,125,138,610
117,170,49,5,0,0,0,0,172,799,551,189,53,6,1,0,39,567,827,516,215,79,28,4,6,177,514,496,336,152,69,44,2,45,238,336,310,179,102,87,0,12,56,147,188,167,125,119,0,0,25,73,109,109,117,156,0,0,6,37,89,123,148,614
85,163,77,14,3,0,0,0,176,754,547,203,66,26,3,2,64,576,807,491,214,72,31,22,14,209,459,527,334,148,70,35,4,69,255,306,288,191,107,75,0,8,77,141,199,152,113,125,0,6,27,63,108,133,110,138,0,5,13,53,84,94,154,610
174,195,25,0,0,0,0,0,211,1627,646,118,15,3,0,0,12,659,1116,581,197,54,7,4,1,128,592,644,333,130,38,9,0,17,196,335,279,162,61,44,0,4,36,145,161,113,75,69,0,1,6,39,72,71,62,56,0,0,0,12,45,66,62,192
174,211,12,1,0,0,0,0,195,1627,659,128,17,4,1,0,25,646,1116,592,196,36,6,0,0,118,581,644,335,145,39,12,0,15,197,333,279,161,72,45,0,3,54,130,162,113,71,66,0,0,7,38,61,75,62,62,0,0,4,9,44,69,56,192
181,209,6,1,0,0,0,0,203,1626,691,106,11,4,0,0,12,648,1168,591,169,36,3,1,1,111,540,699,339,131,32,11,0,13,185,321,309,166,72,32,0,3,34,119,166,132,72,72,0,0,2,34,73,76,57,64,0,0,3,10,31,58,70,196
181,203,12,1,0,0,0,0,209,1626,648,111,13,3,0,0,6,691,1168,540,185,34,2,3,1,106,591,699,321,119,34,10,0,11,169,339,309,166,73,31,0,4,36,131,166,132,76,58,0,0,3,32,72,72,57,70,0,0,1,11,32,72,64,196
105,156,7,0,1,0,0,0,152,1423,606,99,24,1,0,2,7,606,1044,504,182,39,8,7,1,97,529,564,355,124,38,22,0,20,174,359,327,216,101,64,0,2,28,143,192,158,109,97,0,0,5,41,117,110,98,103,0,3,7,20,61,83,121,438
105,152,7,1,0,0,0,0,156,1423,606,97,20,2,0,3,7,606,1044,529,174,28,5,7,0,99,504,564,359,143,41,20,1,24,182,355,327,192,117,61,0,1,39,124,216,158,110,83,0,0,8,38,101,109,98,121,0,2,7,22,64,97,103,438
103,150,14,3,0,0,0,0,156,1446,604,85,9,3,2,1,9,567,1056,533,177,35,12,5,2,116,502,553,348,134,44,28,0,28,189,315,359,216,91,61,0,5,30,146,181,167,108,97,0,0,12,64,115,89,95,101,0,2,5,32,64,86,116,429
103,156,9,2,0,0,0,0,150,1446,567,116,28,5,0,2,14,604,1056,502,189,30,12,5,3,85,533,553,315,146,64,32,0,9,177,348,359,181,115,64,0,3,35,134,216,167,89,86,0,2,12,44,91,108,95,116,0,1,5,28,61,97,101,429
130,176,16,1,0,0,0,0,174,1365,712,139,17,0,0,0,18,712,1361,699,205,39,1,0,0,132,723,686,342,118,36,6,0,13,179,361,298,150,61,24,0,3,31,119,134,100,63,50,0,0,2,35,69,61,39,42,0,0,2,8,24,33,51,140
130,174,18,0,0,0,0,0,176,1365,712,132,13,3,0,0,16,712,1361,723,179,31,2,2,1,139,699,686,361,119,35,8,0,17,205,342,298,134,69,24,0,0,39,118,150,100,61,33,0,0,1,36,61,63,39,51,0,0,0,6,24,50,42,140
142,171,10,0,0,0,0,0,164,1431,696,100,13,1,1,0,10,687,1427,711,157,29,2,6,1,120,681,737,362,111,30,7,1,7,176,357,326,136,62,19,0,3,30,106,133,105,70,50,0,1,2,18,67,74,46,42,0,0,2,7,31,43,41,138
142,164,10,1,1,0,0,0,171,1431,687,120,7,3,1,0,10,696,1427,681,176,30,2,2,0,100,711,737,357,106,18,7,0,13,157,362,326,133,67,31,0,1,29,111,136,105,74,43,0,1,2,30,62,70,46,41,0,0,6,7,19,50,42,138
48,92,8,0,0,0,0,0,95,946,567,135,16,4,0,0,9,584,1144,711,215,47,9,1,0,128,729,767,417,186,39,8,0,15,214,426,379,222,101,30,0,1,48,175,237,189,111,68,0,0,2,46,83,112,80,83,0,0,1,7,37,72,65,191
48,95,9,0,0,0,0,0,92,946,584,128,15,1,0,0,8,567,1144,729,214,48,2,1,0,135,711,767,426,175,46,7,0,16,215,417,379,237,83,37,0,4,47,186,222,189,112,72,0,0,9,39,101,111,80,65,0,0,1,8,30,68,83,191
52,88,14,0,0,0,0,0,92,973,568,127,16,3,0,2,6,560,1187,714,186,40,9,4,0,130,694,776,439,189,24,10,1,13,205,432,386,218,92,29,1,6,41,164,231,183,127,77,0,0,3,35,94,119,92,64,0,0,5,13,29,80,60,197
52,92,6,0,1,1,0,0,88,973,560,130,13,6,0,0,14,568,1187,694,205,41,3,5,0,127,714,776,432,164,35,13,0,16,186,439,386,231,94,29,0,3,40,189,218,183,119,80,0,0,9,24,92,127,92,60,0,2,4,10,29,77,64,197
230,248,12,0,0,0,0,0,232,1631,651,119,11,1,0,0,12,639,1075,479,149,34,12,0,0,97,475,512,306,126,47,17,0,17,149,284,247,184,83,56,0,2,32,144,156,171,97,93,0,1,5,36,98,96,84,124,0,1,2,8,57,86,123,349
230,232,12,0,0,0,0,0,248,1631,639,97,17,2,1,1,12,651,1075,475,149,32,5,2,0,119,479,512,284,144,36,8,0,11,149,306,247,156,98,57,0,1,34,126,184,171,96,86,0,0,12,47,83,97,84,123,0,0,0,17,56,93,124,349
238,223,20,1,0,0,0,0,235,1637,644,101,18,3,0,0,15,674,1044,465,151,40,6,1,1,97,467,525,281,138,44,13,0,16,157,278,260,163,86,61,0,2,54,144,157,141,110,97,0,1,16,50,95,101,85,102,0,1,6,11,53,109,112,350
238,235,15,1,0,0,0,0,223,1637,674,97,16,2,1,1,20,644,1044,467,157,54,16,6,1,101,465,525,278,144,50,11,0,18,151,281,260,157,95,53,0,3,40,138,163,141,101,109,0,0,6,44,86,110,85,112,0,0,1,13,61,97,102,350
176,217,16,1,0,0,0,0,217,1520,606,85,13,1,1,0,17,590,982,508,145,34,19,0,0,120,486,533,338,143,43,19,0,13,177,354,334,165,92,62,0,1,29,141,190,149,95,98,0,1,7,45,99,113,75,110,0,0,2,22,70,83,115,428
176,217,17,0,0,0,0,0,217,1520,590,120,13,1,1,0,16,606,982,486,177,29,7,2,1,85,508,533,354,141,45,22,0,13,145,338,334,190,99,70,0,1,34,143,165,149,113,83,0,1,19,43,92,95,75,115,0,0,0,19,62,98,110,428
187,208,12,0,0,0,0,0,217,1518,591,104,17,9,0,1,4,586,1008,474,163,40,7,5,2,116,475,555,327,125,57,25,0,15,164,343,321,195,85,67,0,2,37,127,202,151,96,89,0,2,5,51,100,88,91,111,0,0,4,34,62,94,113,418
187,217,4,2,0,0,0,0,208,1518,586,116,15,2,2,0,12,591,1008,475,164,37,5,4,0,104,474,555,343,127,51,34,0,17,163,327,321,202,100,62,0,9,40,125,195,151,88,94,0,0,7,57,85,96,91,113,0,1,5,25,67,89,111,418
224,288,12,1,0,0,0,0,282,1852,644,134,24,3,0,1,15,666,1040,489,157,33,6,3,1,102,522,562,312,126,40,14,0,25,147,331,277,158,75,43,0,1,31,114,179,142,73,53,0,1,7,35,76,77,61,61,0,0,1,14,31,56,71,207
224,282,15,1,0,0,0,0,288,1852,666,102,25,1,1,0,12,644,1040,522,147,31,7,1,1,134,489,562,331,114,35,14,0,24,157,312,277,179,76,31,0,3,33,126,158,142,77,56,0,0,6,40,75,73,61,71,0,1,3,14,43,53,61,207
232,278,16,1,0,0,0,0,269,1911,664,94,15,0,0,0,14,640,1027,508,171,40,3,5,1,106,513,572,302,132,26,17,0,7,153,322,284,157,76,48,0,1,21,120,186,134,69,62,0,0,8,42,71,85,65,52,0,0,4,9,29,50,88,200
232,269,14,1,0,0,0,0,278,1911,640,106,7,1,0,0,16,664,1027,513,153,21,8,4,1,94,508,572,322,120,42,9,0,15,171,302,284,186,71,29,0,0,40,132,157,134,85,50,0,0,3,26,76,69,65,88,0,0,5,17,48,62,52,200
128,158,14,1,0,0,0,0,168,1263,630,140,21,6,0,0,13,678,1218,679,195,35,7,2,0,132,690,745,377,155,40,10,0,12,213,383,321,176,58,35,0,2,48,144,174,132,78,52,0,0,4,40,74,70,52,49,0,0,5,10,29,54,52,128
128,168,13,0,0,0,0,0,158,1263,678,132,12,2,0,0,14,630,1218,690,213,48,4,5,1,140,679,745,383,144,40,10,0,21,195,377,321,174,74,29,0,6,35,155,176,132,70,54,0,0,7,40,58,78,52,52,0,0,2,10,35,52,49,128
130,169,5,1,0,0,0,0,165,1281,628,136,9,1,0,0,9,650,1280,669,175,44,2,1,1,124,694,758,404,132,28,7,0,13,179,398,327,189,67,31,0,1,35,144,174,135,92,50,0,0,4,26,68,88,53,49,0,0,1,9,37,42,47,138
130,165,9,1,0,0,0,0,169,1281,650,124,13,1,0,0,5,628,1280,694,179,35,4,1,1,136,669,758,398,144,26,9,0,9,175,404,327,174,68,37,0,1,44,132,189,135,88,42,0,0,2,28,67,92,53,47,0,0,1,7,31,50,49,138
80,124,10,0,0,0,0,0,130,1258,564,104,16,2,1,0,4,576,1055,542,205,38,7,3,0,114,576,600,344,136,43,14,0,16,175,352,317,203,89,59,0,3,38,157,174,155,102,118,0,0,6,51,88,117,86,108,0,0,2,20,65,98,125,630
80,130,4,0,0,0,0,0,124,1258,576,114,16,3,0,0,10,564,1055,576,175,38,6,2,0,104,542,600,352,157,51,20,0,16,205,344,317,174,88,65,0,2,38,136,203,155,117,98,0,1,7,43,89,102,86,125,0,0,3,14,59,118,108,630
82,125,7,3,0,0,0,0,119,1269,573,121,19,6,0,0,6,565,1055,563,169,48,21,12,3,109,547,587,364,132,49,36,0,14,169,343,325,192,87,72,2,6,47,133,180,156,106,113,0,2,10,48,92,105,76,114,1,2,10,25,56,113,116,595
82,119,6,3,0,2,0,1,125,1269,565,109,14,6,2,2,7,573,1055,547,169,47,10,10,3,121,563,587,343,133,48,25,0,19,169,364,325,180,92,56,0,6,48,132,192,156,105,113,0,0,21,49,87,106,76,116,0,0,12,36,72,113,114,595
391,365,23,0,0,0,0,0,374,2206,769,105,15,0,0,0,9,767,1173,482,126,37,3,0,1,111,484,462,241,78,27,9,0,15,121,232,187,108,34,32,0,2,22,98,94,84,42,44,0,0,4,28,40,40,40,41,0,0,4,11,26,40,48,205
391,374,9,1,0,0,0,0,365,2206,767,111,15,2,0,0,23,769,1173,484,121,22,4,4,0,105,482,462,232,98,28,11,0,15,126,241,187,94,40,26,0,0,37,78,108,84,40,40,0,0,3,27,34,42,40,48,0,0,0,9,32,44,41,205
382,385,9,1,0,0,0,0,381,2264,732,92,13,6,0,0,16,748,1204,492,107,24,3,2,0,88,498,489,230,81,18,11,0,6,122,227,196,99,38,32,0,1,20,79,100,89,49,47,0,0,2,24,49,45,33,37,0,0,1,5,28,40,50,205
382,381,16,0,0,0,0,0,385,2264,748,88,6,1,0,0,9,732,1204,498,122,20,2,1,1,92,492,489,227,79,24,5,0,13,107,230,196,100,49,28,0,6,24,81,99,89,45,40,0,0,3,18,38,49,33,50,0,0,2,11,32,47,37,205
134,191,49,8,2,0,0,0,204,922,598,205,45,9,1,0,48,621,811,513,229,78,11,6,3,194,539,529,289,169,75,35,1,48,217,329,261,183,114,77,0,10,78,136,221,152,109,117,0,3,15,75,101,107,97,147,0,0,5,32,81,124,136,406
92,211,70,10,2,0,0,0,198,903,611,208,53,18,3,0,75,601,821,514,214,67,17,6,20,207,518,526,331,141,59,27,4,66,193,326,269,183,111,71,2,15,73,148,184,176,111,108,0,1,20,61,102,123,112,129,0,0,12,34,71,109,135,428
134,204,48,3,1,0,0,0,191,922,621,194,48,10,3,0,49,598,811,539,217,78,15,5,8,205,513,529,329,136,75,32,2,45,229,289,261,221,101,81,0,9,78,169,183,152,107,124,0,1,11,75,114,109,97,136,0,0,6,35,77,117,147,406
92,198,75,20,4,2,0,0,211,903,601,207,66,15,1,0,70,611,821,518,193,73,20,12,10,208,514,526,326,148,61,34,2,53,214,331,269,184,102,71,0,18,67,141,183,176,123,109,0,3,17,59,111,111,112,135,0,0,6,27,71,108,129,428
555,512,18,3,0,0,0,0,515,2607,784,99,18,1,0,0,9,780,1062,396,103,15,3,1,1,91,409,351,170,78,17,11,0,6,85,179,139,64,40,37,0,4,17,75,75,63,36,34,0,0,10,20,29,42,24,42,0,1,3,12,19,41,45,149
555,515,9,1,0,0,0,0,512,2607,780,91,6,4,0,1,18,784,1062,409,85,17,10,3,3,99,396,351,179,75,20,12,0,18,103,170,139,75,29,19,0,1,15,78,64,63,42,41,0,0,3,17,40,36,24,45,0,0,1,11,37,34,42,149
610,448,11,2,0,1,0,0,468,2697,730,82,8,3,0,0,10,765,1108,389,92,22,3,3,1,106,398,362,176,64,19,12,0,11,97,198,136,74,29,15,0,1,22,59,86,60,36,43,0,0,2,18,36,38,33,40,0,0,3,11,18,38,43,163
610,468,10,1,0,0,0,0,448,2697,765,106,11,1,0,0,11,730,1108,398,97,22,2,3,2,82,389,362,198,59,18,11,0,8,92,176,136,86,36,18,1,3,22,64,74,60,38,38,0,0,3,19,29,36,33,43,0,0,3,12,15,43,40,163
168,199,16,2,0,0,0,0,205,1230,517,119,18,3,0,0,10,539,987,517,178,53,14,5,0,106,551,645,402,141,53,27,0,13,196,387,376,193,96,53,0,4,38,179,199,178,90,85,0,1,10,47,84,115,90,116,0,0,2,29,42,90,117,365
168,205,10,0,0,0,0,0,199,1230,539,106,13,4,1,0,16,517,987,551,196,38,10,2,2,119,517,645,387,179,47,29,0,18,178,402,376,199,84,42,0,3,53,141,193,178,115,90,0,0,14,53,96,90,90,117,0,0,5,27,53,85,116,365
190,178,10,0,0,0,0,0,182,1319,504,75,11,1,1,0,9,481,1012,575,193,38,4,1,0,88,573,690,379,150,42,11,0,12,170,376,354,244,94,57,0,1,29,157,213,163,117,94,0,0,5,42,108,105,102,101,0,0,1,19,57,77,100,385
190,182,9,0,0,0,0,0,178,1319,481,88,12,1,0,0,10,504,1012,573,170,29,5,1,0,75,575,690,376,157,42,19,0,11,193,379,354,213,108,57,0,1,38,150,244,163,105,77,0,1,4,42,94,117,102,100,0,0,1,11,57,94,101,385
263,314,81,13,1,1,1,0,325,1128,613,175,50,17,3,1,79,590,727,462,202,61,20,6,9,200,443,467,274,156,64,25,2,54,191,286,286,184,73,61,1,22,69,153,159,170,112,96,0,7,21,53,85,92,92,128,0,2,6,30,71,103,110,410
263,325,79,9,2,1,0,0,314,1128,590,200,54,22,7,2,81,613,727,443,191,69,21,6,13,175,462,467,286,153,53,30,1,50,202,274,286,159,85,71,1,17,61,156,184,170,92,103,1,3,20,64,73,112,92,110,0,1,6,25,61,96,128,410
320,314,37,5,0,0,0,0,308,1167,587,194,39,9,1,0,41,612,763,453,178,75,21,4,8,165,471,452,296,153,63,35,0,44,190,297,264,190,87,63,0,11,68,139,194,171,110,94,0,3,24,66,87,92,77,129,0,0,7,41,78,91,119,393
320,308,41,8,0,0,0,0,314,1167,612,165,44,11,3,0,37,587,763,471,190,68,24,7,5,194,453,452,297,139,66,41,0,39,178,296,264,194,87,78,0,9,75,153,190,171,92,91,0,1,21,63,87,110,77,119,0,0,4,35,63,94,129,393
130,223,58,21,3,0,1,0,204,770,541,188,67,17,3,2,81,505,770,429,204,97,39,18,11,203,408,416,301,164,81,33,7,40,228,277,293,222,97,96,1,31,88,168,206,202,133,141,0,6,33,65,99,125,106,184,0,2,14,46,83,150,164,605
130,204,81,11,7,1,0,0,223,770,505,203,40,31,6,2,58,541,770,408,228,88,33,14,21,188,429,416,277,168,65,46,3,67,204,301,293,206,99,83,0,17,97,164,222,202,125,150,1,3,39,81,97,133,106,164,0,2,18,33,96,141,184,605
170,210,41,4,0,0,0,0,210,824,514,180,49,8,0,0,42,525,800,432,202,99,22,10,4,170,438,409,316,174,72,31,1,49,200,315,286,199,111,100,0,9,107,176,201,202,143,140,0,1,29,61,129,131,112,160,0,0,10,28,85,160,163,636
170,210,42,4,1,0,0,0,210,824,525,170,49,9,1,0,41,514,800,438,200,107,29,10,4,180,432,409,315,176,61,28,0,49,202,316,286,201,129,85,0,8,99,174,199,202,131,160,0,0,22,72,111,143,112,163,0,0,10,31,100,140,160,636
714,646,90,18,5,3,0,0,642,1644,742,163,48,10,4,2,106,710,837,373,138,48,17,6,14,178,361,338,200,73,25,15,1,52,135,192,172,112,50,32,0,7,47,79,105,94,53,44,0,2,11,36,49,53,50,48,0,1,4,6,38,39,57,161
714,642,106,14,1,0,0,0,646,1644,710,178,52,7,2,1,90,742,837,361,135,47,11,4,18,163,373,338,192,79,36,6,5,48,138,200,172,105,49,38,3,10,48,73,112,94,53,39,0,4,17,25,50,53,50,57,0,2,6,15,32,44,48,161
828,579,51,3,0,0,0,0,573,1739,747,133,35,4,0,0,53,746,864,376,148,43,13,3,3,145,385,357,209,73,32,13,2,28,128,225,174,112,54,33,0,5,41,72,114,90,59,51,0,0,16,28,45,74,39,52,0,0,5,16,30,35,59,158
828,573,53,3,2,0,0,0,579,1739,746,145,28,5,0,0,51,747,864,385,128,41,16,5,3,133,376,357,225,72,28,16,0,35,148,209,174,114,45,30,0,4,43,73,112,90,74,35,0,0,13,32,54,59,39,59,0,0,3,13,33,51,52,158
185,255,47,12,3,4,0,0,250,884,494,165,55,18,3,5,58,508,652,383,198,79,26,13,11,158,433,390,307,152,78,42,4,61,174,325,294,216,89,102,1,15,74,158,200,162,122,141,0,3,34,83,95,108,90,161,1,1,12,51,113,139,168,835
185,250,58,11,4,1,0,1,255,884,508,158,61,15,3,1,47,494,652,433,174,74,34,12,12,165,383,390,325,158,83,51,3,55,198,307,294,200,95,113,4,18,79,152,216,162,108,139,0,3,26,78,89,122,90,168,0,5,13,42,102,141,161,835
208,257,48,0,0,0,0,0,245,882,506,185,57,12,1,2,47,523,630,385,206,100,25,9,9,157,393,428,307,144,78,48,4,51,215,283,286,195,111,113,0,13,81,170,170,174,102,161,0,4,38,76,114,99,73,170,0,2,10,47,117,143,178,808
208,245,47,9,4,0,0,0,257,882,523,157,51,13,4,2,48,506,630,393,215,81,38,10,0,185,385,428,283,170,76,47,0,57,206,307,286,170,114,117,0,12,100,144,195,174,99,143,0,1,25,78,111,102,73,178,0,2,9,48,113,161,170,808
276,357,86,11,3,0,0,0,369,1162,672,197,51,19,3,1,73,699,768,421,180,68,26,8,8,175,451,404,269,109,58,29,5,58,179,267,247,153,87,52,2,17,56,127,145,129,80,107,0,5,17,41,89,80,76,128,0,1,15,35,66,109,104,470
276,369,73,8,5,2,0,0,357,1162,699,175,58,17,5,1,86,672,768,451,179,56,17,15,11,197,421,404,267,127,41,35,3,51,180,269,247,145,89,66,0,19,68,109,153,129,80,109,0,3,26,58,87,80,76,104,0,1,8,29,52,107,128,470
318,355,56,7,0,0,0,0,345,1234,660,197,33,13,4,0,70,664,810,427,194,53,15,10,5,179,419,407,258,125,78,37,1,39,185,245,252,153,84,79,0,15,84,126,146,122,71,100,0,1,15,56,87,87,66,119,0,1,2,34,70,111,118,458
318,345,70,5,1,0,0,0,355,1234,664,179,39,15,1,1,56,660,810,419,185,84,15,2,7,197,427,407,245,126,56,34,0,33,194,258,252,146,87,70,0,13,53,125,153,122,87,111,0,4,15,78,84,71,66,118,0,0,10,37,79,100,119,458
328,400,81,16,4,2,0,0,389,1153,638,196,46,12,4,0,90,617,830,448,175,75,21,11,17,192,438,401,257,108,61,31,7,55,174,249,255,143,100,53,0,16,61,125,147,126,76,88,1,6,25,44,90,89,97,118,0,0,12,30,57,86,115,414
328,389,90,17,7,0,1,0,400,1153,617,192,55,16,6,0,81,638,830,438,174,61,25,12,16,196,448,401,249,125,44,30,4,46,175,257,255,147,90,57,2,12,75,108,143,126,89,86,0,4,21,61,100,76,97,115,0,0,11,31,53,88,118,414
378,380,61,8,1,1,0,0,384,1197,632,162,43,9,1,0,54,606,865,446,193,72,26,2,5,190,453,404,244,134,47,31,2,48,172,256,261,134,103,64,0,6,56,125,152,122,83,97,0,1,18,69,90,94,82,122,0,0,7,35,56,78,132,406
378,384,54,5,2,0,0,0,380,1197,606,190,48,6,1,0,61,632,865,453,172,56,18,7,8,162,446,404,256,125,69,35,1,43,193,244,261,152,90,56,1,9,72,134,134,122,94,78,0,1,26,47,103,83,82,132,0,0,2,31,64,97,122,406
346,381,97,12,3,2,0,0,396,1215,679,192,64,19,2,2,86,713,831,439,169,60,21,10,16,202,463,460,242,87,45,19,2,49,167,238,211,162,69,51,0,13,57,115,153,125,75,95,0,5,20,41,69,80,61,104,0,1,12,32,36,91,109,384
346,396,86,16,2,0,0,0,381,1215,713,202,49,13,5,1,97,679,831,463,167,57,20,12,12,192,439,460,238,115,41,32,3,64,169,242,211,153,69,36,2,19,60,87,162,125,80,91,0,2,21,45,69,75,61,109,0,2,10,19,51,95,104,384
402,392,51,4,1,0,0,0,388,1256,694,181,45,7,0,0,45,693,857,477,155,69,21,14,6,185,463,425,259,113,50,28,0,36,169,259,213,138,70,59,0,7,67,112,142,124,85,90,1,1,20,51,69,81,58,101,0,0,5,32,58,99,96,376
402,388,45,6,0,0,1,0,392,1256,693,185,36,7,1,0,51,694,857,463,169,67,20,5,4,181,477,425,259,112,51,32,1,45,155,259,213,142,69,58,0,7,69,113,138,124,81,99,0,0,21,50,70,85,58,96,0,0,14,28,59,90,101,376
374,366,60,7,1,0,0,0,378,1245,634,165,51,10,1,0,49,649,759,411,199,80,18,4,4,156,413,346,244,153,66,22,0,46,193,257,232,153,83,78,0,12,73,141,145,141,99,124,0,4,24,58,92,81,73,140,0,0,11,19,81,112,134,429
328,388,73,10,6,0,0,0,378,1212,638,172,53,19,6,2,87,620,776,408,187,59,21,10,11,168,395,389,230,133,52,25,2,70,185,244,231,165,85,60,1,14,66,119,169,168,86,111,0,5,18,47,101,90,86,126,0,0,11,18,65,101,138,462
374,378,49,4,0,0,0,0,366,1245,649,156,46,12,4,0,60,634,759,413,193,73,24,11,7,165,411,346,257,141,58,19,1,51,199,244,232,145,92,81,0,10,80,153,153,141,81,112,0,1,18,66,83,99,73,134,0,0,4,22,78,124,140,429
328,378,87,11,2,1,0,0,388,1212,620,168,70,14,5,0,73,638,776,395,185,66,18,11,10,172,408,389,244,119,47,18,6,53,187,230,231,169,101,65,0,19,59,133,165,168,90,101,0,6,21,52,85,86,86,138,0,2,10,25,60,111,126,462
450,371,14,4,0,0,0,0,357,1903,760,152,24,2,0,1,28,763,1175,567,126,33,3,2,5,155,551,524,269,100,19,11,0,17,148,251,189,100,42,22,0,2,25,86,108,70,45,33,0,0,9,35,29,43,33,24,0,0,2,10,26,23,29,130
447,368,22,3,0,0,0,0,368,2129,858,145,16,4,0,0,21,859,1261,533,140,18,5,1,0,135,536,489,219,60,16,3,2,11,129,206,150,81,40,24,0,3,27,62,95,59,22,23,0,0,7,21,13,44,26,25,0,0,3,4,17,27,25,98
929,563,16,0,0,0,0,0,580,2516,566,75,10,1,0,2,8,585,839,388,97,16,4,0,0,69,374,336,218,78,21,7,0,8,98,195,191,111,36,39,0,1,24,71,93,79,59,46,0,0,5,23,42,47,41,59,0,2,0,7,32,46,57,190
207,321,73,12,3,0,0,0,303,1066,683,203,52,9,4,4,95,681,892,480,179,92,20,9,12,211,500,477,281,127,44,32,8,45,221,289,238,154,50,65,0,12,66,125,165,140,91,95,0,1,19,67,70,82,89,78,0,1,7,27,67,84,101,371
219,274,21,2,0,0,0,0,293,2209,911,137,11,7,0,0,12,942,1490,539,128,27,1,1,1,128,558,533,220,60,16,4,0,10,125,224,167,75,20,13,0,1,28,65,75,64,37,24,0,0,1,16,21,38,25,14,0,0,0,8,11,24,14,56
395,462,33,10,3,0,3,2,482,2487,816,139,32,8,5,8,31,833,973,378,110,31,20,20,5,159,410,314,139,56,28,31,1,32,112,140,99,77,29,35,0,16,28,86,65,55,24,38,0,4,14,37,25,33,24,47,0,8,14,29,44,44,45,272
133,148,0,0,0,0,0,0,146,1074,493,89,13,0,2,1,2,472,982,573,174,37,7,3,0,104,563,651,402,164,53,17,0,18,179,419,386,222,120,57,0,4,34,144,244,190,124,117,0,0,7,45,112,138,106,128,0,0,4,24,61,110,128,476
181,209,6,1,0,0,0,0,203,1626,691,106,11,4,0,0,12,648,1168,591,169,36,3,1,1,111,540,699,339,131,32,11,0,13,185,321,309,166,72,32,0,3,34,119,166,132,72,72,0,0,2,34,73,76,57,64,0,0,3,10,31,58,70,196
