89,136,42,4,1,0,0,0,126,513,355,164,56,19,2,0,40,372,522,385,234,93,45,16,10,134,397,347,292,181,98,72,2,57,218,303,278,199,150,161,0,23,99,181,219,179,117,207,0,4,39,78,139,155,124,239,0,1,18,75,145,202,245,1298
65,126,53,16,10,0,0,1,128,443,377,184,71,25,7,5,51,382,530,354,220,103,36,29,16,164,374,375,290,150,90,74,6,87,218,300,286,192,134,138,3,28,94,154,210,192,156,196,1,9,34,67,126,145,130,259,0,6,22,81,157,217,226,1277
89,126,40,10,2,0,0,0,136,513,372,134,57,23,4,1,42,355,522,397,218,99,39,18,4,164,385,347,303,181,78,75,1,56,234,292,278,219,139,145,0,19,93,181,199,179,155,202,0,2,45,98,150,117,124,245,0,0,16,72,161,207,239,1298
65,128,51,16,6,3,1,0,126,443,382,164,87,28,9,6,53,377,530,374,218,94,34,22,16,184,354,375,300,154,67,81,10,71,220,290,286,210,126,157,0,25,103,150,192,192,145,217,0,7,36,90,134,156,130,226,1,5,29,74,138,196,259,1277
26,57,37,13,4,0,0,0,55,326,297,169,80,23,11,2,48,314,514,379,228,116,41,28,9,176,392,417,349,164,104,69,3,77,251,312,327,236,142,165,1,20,109,209,241,192,147,222,0,6,49,90,143,173,133,264,0,0,18,82,147,234,275,1184
26,55,48,9,3,1,0,0,57,326,314,176,77,20,6,0,37,297,514,392,251,109,49,18,13,169,379,417,312,209,90,82,4,80,228,349,327,241,143,147,0,23,116,164,236,192,173,234,0,11,41,104,142,147,133,275,0,2,28,69,165,222,264,1184
24,69,37,8,2,0,0,0,68,359,302,173,62,15,1,0,37,306,524,378,235,124,53,13,9,152,405,380,339,202,100,85,2,67,232,364,298,229,159,160,0,19,106,195,248,183,153,232,0,5,38,94,168,152,143,255,0,1,16,77,163,236,244,1199
24,68,37,9,2,0,0,0,69,359,306,152,67,19,5,1,37,302,524,405,232,106,38,16,8,173,378,380,364,195,94,77,2,62,235,339,298,248,168,163,0,15,124,202,229,183,152,236,0,1,53,100,159,153,143,244,0,0,13,85,160,232,255,1199
73,105,42,13,4,0,0,0,94,449,376,178,65,25,7,2,45,363,547,386,216,98,43,11,16,178,401,485,327,163,85,63,4,69,205,328,293,249,128,117,1,22,92,167,258,234,153,196,0,3,37,90,91,142,115,250,0,2,17,80,138,209,195,1155
73,94,45,16,4,1,0,0,105,449,363,178,69,22,3,2,42,376,547,401,205,92,37,17,13,178,386,485,328,167,90,80,4,65,216,327,293,258,91,138,0,25,98,163,249,234,142,209,0,7,43,85,128,153,115,195,0,2,11,63,117,196,250,1155
76,116,34,11,0,0,0,0,117,439,368,196,60,17,1,0,36,379,521,388,233,107,29,24,6,179,417,439,319,182,89,82,1,65,222,324,283,232,115,145,0,18,111,207,226,205,133,227,0,2,43,104,121,167,96,193,0,3,14,62,148,213,263,1092
76,117,36,6,1,0,0,0,116,439,379,179,65,18,2,3,34,368,521,417,222,111,43,14,11,196,388,439,324,207,104,62,0,60,233,319,283,226,121,148,0,17,107,182,232,205,167,213,0,1,29,89,115,133,96,263,0,0,24,82,145,227,193,1092
28,70,36,13,2,2,0,0,75,371,305,174,56,26,8,3,38,309,436,342,201,92,48,35,5,158,341,386,292,178,104,104,2,79,206,273,294,228,143,146,3,26,98,179,235,186,163,238,0,6,47,112,145,175,158,254,0,3,18,84,150,240,274,1497
28,75,38,5,2,3,0,0,70,371,309,158,79,26,6,3,36,305,436,341,206,98,47,18,13,174,342,386,273,179,112,84,2,56,201,292,294,235,145,150,2,26,92,178,228,186,175,240,0,8,48,104,143,163,158,274,0,3,35,104,146,238,254,1497
39,80,27,8,0,1,0,0,79,372,313,171,65,13,8,2,30,326,426,349,208,101,38,15,6,166,336,363,292,199,108,94,0,51,218,296,289,199,154,170,0,25,111,203,206,188,149,244,0,7,42,104,154,146,153,286,0,0,19,63,154,271,288,1475
39,79,30,6,0,0,0,0,80,372,326,166,51,25,7,0,27,313,426,336,218,111,42,19,8,171,349,363,296,203,104,63,0,65,208,292,289,206,154,154,1,13,101,199,199,188,146,271,0,8,38,108,154,149,153,288,0,2,15,94,170,244,286,1475
60,115,51,16,6,1,0,0,117,489,397,207,83,18,2,2,53,421,562,391,192,100,44,23,13,182,396,424,312,163,83,67,5,78,215,298,262,200,152,120,1,24,107,163,219,178,154,178,0,5,41,79,129,159,138,243,0,0,26,64,126,205,217,1124
60,117,53,13,5,1,0,0,115,489,421,182,78,24,5,0,51,397,562,396,215,107,41,26,16,207,391,424,298,163,79,64,6,83,192,312,262,219,129,126,1,18,100,163,200,178,159,205,0,2,44,83,152,154,138,217,0,2,23,67,120,178,243,1124
86,121,35,8,1,0,1,0,117,537,392,177,58,22,3,1,39,427,600,380,212,87,28,16,11,168,413,415,301,181,96,55,0,51,207,318,253,196,134,175,0,8,94,193,222,167,145,192,0,3,37,100,125,158,128,240,0,0,15,51,156,207,251,1086
86,117,39,11,0,0,0,0,121,537,427,168,51,8,3,0,35,392,600,413,207,94,37,15,8,177,380,415,318,193,100,51,1,58,212,301,253,222,125,156,0,22,87,181,196,167,158,207,1,3,28,96,134,145,128,251,0,1,16,55,175,192,240,1086
88,143,55,15,3,3,0,0,138,499,404,188,71,30,5,4,62,410,551,419,229,111,36,28,10,194,462,461,292,171,88,56,5,63,222,309,328,200,135,103,0,22,97,192,196,180,128,194,0,6,50,93,133,126,111,222,0,1,18,62,117,192,233,936
88,138,62,10,5,0,0,0,143,499,410,194,63,22,6,1,55,404,551,462,222,97,50,18,15,188,419,461,309,192,93,62,3,71,229,292,328,196,133,117,3,30,111,171,200,180,126,192,0,5,36,88,135,128,111,233,0,4,28,56,103,194,222,936
119,134,37,12,2,0,0,0,148,513,408,194,52,16,1,1,34,421,571,435,251,90,35,12,5,189,436,451,283,229,89,56,1,56,257,311,276,186,134,139,0,18,100,202,206,170,132,185,0,4,34,91,157,148,112,199,0,2,11,44,139,170,241,951
119,148,34,5,1,0,0,0,134,513,421,189,56,18,4,2,37,408,571,436,257,100,34,11,12,194,435,451,311,202,91,44,2,52,251,283,276,206,157,139,0,16,90,229,186,170,148,170,0,1,35,89,134,132,112,241,0,1,12,56,139,185,199,951
54,88,47,14,12,1,1,0,92,355,312,169,74,25,14,7,49,310,423,359,207,125,45,27,12,166,356,376,306,192,101,79,7,95,222,304,315,212,135,155,3,26,114,178,230,232,140,221,0,6,46,98,134,142,151,260,1,4,22,94,170,213,255,1317
54,92,49,12,7,3,0,1,88,355,310,166,95,26,6,4,47,312,423,356,222,114,46,22,14,169,359,376,304,178,98,94,12,74,207,306,315,230,134,170,1,25,125,192,212,232,142,213,1,14,45,101,135,140,151,255,0,7,27,79,155,221,260,1317
70,95,38,13,2,0,0,0,101,374,348,148,58,17,3,1,32,307,422,352,231,125,46,22,8,175,341,380,291,194,99,99,1,69,229,307,310,226,136,172,0,20,101,212,231,190,163,231,0,5,47,97,172,149,132,234,0,1,14,77,154,243,263,1322
70,101,32,8,1,0,0,0,95,374,307,175,69,20,5,1,38,348,422,341,229,101,47,14,13,148,352,380,307,212,97,77,2,58,231,291,310,231,172,154,0,17,125,194,226,190,149,243,0,3,46,99,136,163,132,263,0,1,22,99,172,231,234,1322
76,111,44,18,3,3,0,0,107,456,349,168,59,28,3,0,55,330,528,380,226,83,51,25,15,182,371,375,293,199,86,69,3,54,210,289,292,225,142,145,1,26,120,188,210,197,155,207,0,8,38,103,149,158,144,237,0,5,16,72,126,204,251,1232
76,107,55,15,3,1,0,0,111,456,330,182,54,26,8,5,44,349,528,371,210,120,38,16,18,168,380,375,289,188,103,72,3,59,226,293,292,210,149,126,3,28,83,199,225,197,158,204,0,3,51,86,142,155,144,251,0,0,25,69,145,207,237,1232
88,130,33,5,3,0,0,0,113,467,357,160,63,18,2,0,40,363,522,384,201,95,49,16,15,141,364,392,293,202,101,82,2,63,218,298,288,197,155,148,0,17,123,186,209,201,137,226,0,1,41,95,134,159,151,254,0,1,13,71,173,229,235,1176
88,113,40,15,2,0,0,0,130,467,363,141,63,17,1,1,33,357,522,364,218,123,41,13,5,160,384,392,298,186,95,71,3,63,201,293,288,209,134,173,0,18,95,202,197,201,159,229,0,2,49,101,155,137,151,235,0,0,16,82,148,226,254,1176
48,110,42,16,2,2,0,1,101,504,410,188,60,19,14,4,43,413,563,402,215,93,41,21,20,175,440,458,303,182,87,63,6,59,177,324,265,210,138,111,1,24,92,176,193,217,151,203,0,11,48,83,148,144,136,247,0,1,25,76,105,188,250,1051
48,101,43,20,6,1,0,0,110,504,413,175,59,24,11,1,42,410,563,440,177,92,48,25,16,188,402,458,324,176,83,76,2,60,215,303,265,193,148,105,2,19,93,182,210,217,144,188,0,14,41,87,138,151,136,250,1,4,21,63,111,203,247,1051
70,112,29,12,1,0,0,0,113,520,412,184,61,19,3,1,36,396,582,406,200,103,46,22,4,199,422,451,280,173,115,71,1,68,202,310,271,196,123,121,0,13,94,204,200,198,151,186,0,3,36,87,127,163,146,258,0,2,18,62,150,201,234,1032
70,113,36,4,1,0,0,0,112,520,396,199,68,13,3,2,29,412,582,422,202,94,36,18,12,184,406,451,310,204,87,62,1,61,200,280,271,200,127,150,0,19,103,173,196,198,163,201,0,3,46,115,123,151,146,234,0,1,22,71,121,186,258,1032
45,103,58,28,5,1,0,1,108,391,367,150,71,24,11,2,64,344,487,380,190,98,63,29,20,175,366,364,299,194,92,73,4,71,210,282,273,204,145,141,2,25,91,196,210,210,143,236,1,7,52,87,131,145,138,273,1,4,21,95,145,234,244,1276
45,108,64,20,4,2,1,1,103,391,344,175,71,25,7,4,58,367,487,366,210,91,52,21,28,150,380,364,282,196,87,95,5,71,190,299,273,210,131,145,1,24,98,194,204,210,145,234,0,11,63,92,145,143,138,244,1,2,29,73,141,236,273,1276
81,114,33,10,2,0,0,0,117,425,352,154,43,23,5,2,32,356,529,378,210,97,34,21,12,153,360,395,289,193,99,88,3,61,228,290,258,197,134,158,0,19,107,179,224,200,152,233,0,2,41,108,132,156,144,254,0,0,12,75,167,245,263,1251
81,117,32,12,3,0,0,0,114,425,356,153,61,19,2,0,33,352,529,360,228,107,41,12,10,154,378,395,290,179,108,75,2,43,210,289,258,224,132,167,0,23,97,193,197,200,156,245,0,5,34,99,134,152,144,263,0,2,21,88,158,233,254,1251
54,118,36,18,3,3,0,0,107,378,324,169,53,26,7,4,41,324,482,347,212,112,37,34,20,155,367,391,288,181,95,89,5,55,199,306,264,226,141,142,3,20,102,171,212,186,165,214,0,10,54,101,157,150,139,254,0,8,30,90,152,193,277,1399
73,105,42,8,2,0,0,0,104,416,330,144,56,14,4,3,38,328,471,402,209,96,42,12,13,149,380,383,280,184,121,80,0,43,219,270,290,216,137,160,1,11,91,210,204,206,144,207,0,5,39,102,138,139,158,281,0,1,14,75,167,221,258,1404
54,107,41,20,5,3,0,0,118,378,324,155,55,20,10,8,36,324,482,367,199,102,54,30,18,169,347,391,306,171,101,90,3,53,212,288,264,212,157,152,3,26,112,181,226,186,150,193,0,7,37,95,141,165,139,277,0,4,34,89,142,214,254,1399
73,104,38,13,0,1,0,0,105,416,328,149,43,11,5,1,42,330,471,380,219,91,39,14,8,144,402,383,270,210,102,75,2,56,209,280,290,204,138,167,0,14,96,184,216,206,139,221,0,4,42,121,137,144,158,258,0,3,12,80,160,207,281,1404
35,90,43,20,2,2,0,0,102,439,370,165,69,33,6,3,37,350,496,407,206,106,40,24,11,187,372,437,319,184,89,92,0,82,219,308,268,211,150,122,5,29,115,176,219,206,158,208,0,5,37,94,147,159,149,252,1,5,14,86,136,214,246,1143
35,102,37,11,0,5,0,1,90,439,350,187,82,29,5,5,43,370,496,372,219,115,37,14,20,165,407,437,308,176,94,86,2,69,206,319,268,219,147,136,2,33,106,184,211,206,159,214,0,6,40,89,150,158,149,246,0,3,24,92,122,208,252,1143
54,99,29,8,2,0,0,0,96,480,368,160,54,19,6,1,29,373,516,389,197,101,43,18,12,166,374,439,309,214,95,79,0,48,222,326,261,217,139,152,0,14,107,206,220,194,169,212,0,8,34,100,152,158,118,267,0,0,17,70,166,224,268,1101
54,96,29,12,0,0,0,0,99,480,373,166,48,14,8,0,29,368,516,374,222,107,34,17,8,160,389,439,326,206,100,70,2,54,197,309,261,220,152,166,0,19,101,214,217,194,158,224,0,6,43,95,139,169,118,268,0,1,18,79,152,212,267,1101
64,120,58,21,6,3,0,2,121,457,380,155,74,34,7,7,50,366,488,376,212,103,49,33,23,171,382,409,283,172,97,78,8,76,211,300,288,222,133,132,2,28,97,184,227,206,138,214,1,7,42,89,134,156,121,225,0,3,20,75,151,203,232,1174
64,121,50,23,8,2,1,0,120,457,366,171,76,28,7,3,58,380,488,382,211,97,42,20,21,155,376,409,300,184,89,75,6,74,212,283,288,227,134,151,3,34,103,172,222,206,156,203,0,7,49,97,133,138,121,232,2,7,33,78,132,214,225,1174
98,120,38,12,4,0,0,0,124,506,341,183,66,17,4,0,28,371,514,377,205,121,35,20,15,172,393,394,300,173,99,73,3,50,213,279,298,216,151,164,0,13,123,196,213,202,147,208,0,2,32,105,128,137,122,245,0,3,16,68,158,231,222,1152
98,124,28,15,3,0,0,0,120,506,371,172,50,13,2,3,38,341,514,393,213,123,32,16,12,183,377,394,279,196,105,68,4,66,205,300,298,213,128,158,0,17,121,173,216,202,137,231,0,4,35,99,151,147,122,222,0,0,20,73,164,208,245,1152
94,154,42,19,3,2,2,0,141,602,446,190,100,30,3,0,54,447,596,434,206,79,31,20,24,223,415,450,325,188,76,51,6,74,220,331,329,212,141,121,0,13,97,184,245,189,129,157,0,3,31,85,123,142,92,185,0,0,19,58,106,168,182,811
94,141,54,24,6,0,0,0,154,602,447,223,74,13,3,0,42,446,596,415,220,97,31,19,19,190,434,450,331,184,85,58,3,100,206,325,329,245,123,106,2,30,79,188,212,189,142,168,2,3,31,76,141,129,92,182,0,0,20,51,121,157,185,811
103,149,45,14,4,0,0,0,158,624,449,196,77,15,3,0,42,455,568,426,221,103,39,17,6,193,429,458,324,186,79,72,3,69,240,319,325,206,132,143,1,18,95,191,228,183,113,179,0,4,43,82,143,132,92,169,0,0,10,67,115,184,200,759
103,158,42,6,3,1,0,0,149,624,455,193,69,18,4,0,45,449,568,429,240,95,43,10,14,196,426,458,319,191,82,67,4,77,221,324,325,228,143,115,0,15,103,186,206,183,132,184,0,3,39,79,132,113,92,200,0,0,17,72,143,179,169,759
108,156,59,19,11,5,0,0,153,506,411,171,62,20,7,2,75,400,561,430,233,100,46,15,14,185,443,462,291,178,85,60,6,64,208,318,243,197,138,126,0,16,109,172,219,182,126,167,0,4,44,89,128,151,139,208,0,4,19,60,120,162,221,992
108,153,75,14,6,0,0,0,156,506,400,185,64,16,4,4,59,411,561,443,208,109,44,19,19,171,430,462,318,172,89,60,11,62,233,291,243,219,128,120,5,20,100,178,197,182,151,162,0,7,46,85,138,126,139,221,0,2,15,60,126,167,208,992
125,161,60,11,0,0,0,0,171,500,416,174,54,13,3,0,45,433,532,470,223,96,43,12,9,187,452,408,313,177,104,64,1,45,232,288,260,210,121,149,0,6,100,202,190,190,141,166,0,6,37,110,141,136,125,206,0,1,21,60,128,168,221,983
125,171,45,9,1,0,0,0,161,500,433,187,45,6,6,1,60,416,532,452,232,100,37,21,11,174,470,408,288,202,110,60,0,54,223,313,260,190,141,128,0,13,96,177,210,190,136,168,0,3,43,104,121,141,125,221,0,0,12,64,149,166,206,983
98,161,61,17,4,2,0,0,166,515,383,195,64,18,7,2,52,361,516,434,221,98,48,20,15,215,405,443,317,192,106,64,8,77,208,308,254,229,121,136,2,18,123,190,215,188,166,153,0,5,28,103,141,159,134,228,0,2,20,59,128,174,217,906
98,166,52,15,8,2,0,0,161,515,361,215,77,18,5,2,61,383,516,405,208,123,28,20,17,195,434,443,308,190,103,59,4,64,221,317,254,215,141,128,2,18,98,192,229,188,159,174,0,7,48,106,121,166,134,217,0,2,20,64,136,153,228,906
145,149,41,6,0,0,0,0,150,562,376,190,59,14,1,0,41,378,551,405,237,96,32,13,5,185,437,468,283,204,102,72,1,63,202,320,274,225,145,113,0,14,107,200,219,200,155,166,0,2,31,105,142,141,152,222,0,0,7,60,127,173,209,923
145,150,41,5,1,0,0,0,149,562,378,185,63,14,2,0,41,376,551,437,202,107,31,7,6,190,405,468,320,200,105,60,0,59,237,283,274,219,142,127,0,14,96,204,225,200,141,173,0,1,32,102,145,155,152,209,0,0,13,72,113,166,222,923
77,121,51,21,6,2,0,0,130,491,411,201,80,26,4,2,38,425,550,409,209,90,36,27,17,202,410,416,317,182,79,60,7,71,209,293,275,239,136,114,1,22,106,189,215,215,159,185,1,7,38,95,121,154,141,219,1,4,17,54,116,183,224,999
77,130,38,17,7,1,1,1,121,491,425,202,71,22,7,4,51,411,550,410,209,106,38,17,21,201,409,416,293,189,95,54,6,80,209,317,275,215,121,116,2,26,90,182,239,215,154,183,0,4,36,79,136,159,141,224,0,2,27,60,114,185,219,999
104,124,34,13,2,1,0,0,135,540,409,186,52,12,6,0,33,415,524,408,227,126,34,18,5,182,412,418,283,200,112,71,1,66,235,297,285,204,141,117,0,22,118,191,213,186,144,215,0,2,41,96,140,157,121,221,0,1,13,72,140,201,217,957
104,135,33,5,1,0,0,0,124,540,415,182,66,22,2,1,34,409,524,412,235,118,41,13,13,186,408,418,297,191,96,72,2,52,227,283,285,213,140,140,1,12,126,200,204,186,157,201,0,6,34,112,141,144,121,217,0,0,18,71,117,215,221,957
44,84,57,10,5,0,0,0,94,398,336,170,80,22,7,6,44,324,452,394,213,107,41,30,14,189,345,408,324,175,92,78,6,89,216,253,266,239,143,160,1,26,109,180,229,197,142,222,0,7,61,103,131,149,147,235,0,0,35,98,126,215,260,1312
44,94,44,14,6,1,0,0,84,398,324,189,89,26,7,0,57,336,452,345,216,109,61,35,10,170,394,408,253,180,103,98,5,80,213,324,266,229,131,126,0,22,107,175,239,197,149,215,0,7,41,92,143,142,147,260,0,6,30,78,160,222,235,1312
59,91,39,10,3,0,0,0,91,459,334,153,64,16,5,0,42,325,484,352,244,113,39,13,11,161,380,433,276,178,97,88,0,64,214,296,254,214,159,174,1,18,97,208,229,194,129,225,0,1,46,97,148,149,123,257,0,4,17,75,154,234,273,1286
59,91,42,11,0,1,0,0,91,459,325,161,64,18,1,4,39,334,484,380,214,97,46,17,10,153,352,433,296,208,97,75,3,64,244,276,254,229,148,154,0,16,113,178,214,194,149,234,0,5,39,97,159,129,123,273,0,0,13,88,174,225,257,1286
50,94,47,13,3,0,0,0,103,502,393,176,56,18,7,1,46,371,550,394,217,90,39,32,12,189,387,416,291,185,88,80,1,74,215,288,273,211,137,123,0,21,73,189,226,186,154,214,0,4,47,106,117,148,120,244,0,2,26,63,136,221,239,1192
50,103,46,12,1,0,0,0,94,502,371,189,74,21,4,2,47,393,550,387,215,73,47,26,13,176,394,416,288,189,106,63,3,56,217,291,273,226,117,136,0,18,90,185,211,186,148,221,0,7,39,88,137,154,120,239,0,1,32,80,123,214,244,1192
64,95,42,7,2,0,1,0,102,504,385,179,59,23,3,0,39,402,568,382,197,101,41,10,7,180,370,400,311,194,116,75,1,65,214,312,243,196,130,154,0,17,109,176,203,183,136,237,0,3,41,106,141,137,121,241,0,0,13,83,156,223,239,1161
64,102,39,7,1,0,0,0,95,504,402,180,65,17,3,0,42,385,568,370,214,109,41,13,7,179,382,400,312,176,106,83,2,59,197,311,243,203,141,156,0,23,101,194,196,183,137,223,1,3,41,116,130,136,121,239,0,0,10,75,154,237,241,1161
77,120,58,23,8,1,1,0,135,412,378,171,63,20,5,3,54,394,552,373,227,87,44,35,21,151,399,415,282,186,80,74,5,80,226,271,270,205,115,146,0,23,98,198,206,220,135,195,0,7,37,80,107,142,110,231,0,6,22,82,146,214,217,1257
77,135,54,21,5,0,0,0,120,412,394,151,80,23,7,6,58,378,552,399,226,98,37,22,23,171,373,415,271,198,80,82,8,63,227,282,270,206,107,146,1,20,87,186,205,220,142,214,1,5,44,80,115,135,110,217,0,3,35,74,146,195,231,1257
101,128,53,9,1,1,0,0,127,435,369,181,70,9,2,1,39,372,558,381,244,126,34,20,19,155,400,396,284,190,89,83,3,72,238,279,235,222,131,146,1,18,102,207,194,199,122,223,0,2,35,85,134,128,106,223,0,2,16,78,144,196,231,1251
101,127,39,19,3,1,0,0,128,435,372,155,72,18,2,2,53,369,558,400,238,102,35,16,9,181,381,396,279,207,85,78,1,70,244,284,235,194,134,144,1,9,126,190,222,199,128,196,0,2,34,89,131,122,106,231,0,1,20,83,146,223,223,1251
46,81,43,12,4,1,0,0,75,453,344,167,74,26,5,2,38,325,472,355,219,114,44,19,23,186,388,393,263,192,100,78,6,76,199,302,288,208,135,147,2,23,83,204,214,218,170,217,1,5,39,96,145,160,136,270,0,3,29,89,155,204,262,1272
46,75,38,23,6,2,1,0,81,453,325,186,76,23,5,3,43,344,472,388,199,83,39,29,12,167,355,393,302,204,96,89,4,74,219,263,288,214,145,155,1,26,114,192,208,218,160,204,0,5,44,100,135,170,136,262,0,2,19,78,147,217,270,1272
62,92,22,10,1,0,0,0,92,462,348,161,59,20,7,1,27,354,487,386,191,97,35,12,6,169,377,410,280,205,89,75,1,59,208,286,291,217,155,148,0,14,101,195,222,201,149,246,0,3,40,95,160,154,135,267,0,1,13,74,153,229,285,1261
62,92,27,6,1,0,0,0,92,462,354,169,59,14,3,1,22,348,487,377,208,101,40,13,10,161,386,410,286,195,95,74,1,59,191,280,291,222,160,153,0,20,97,205,217,201,154,229,0,7,35,89,155,149,135,285,0,1,12,75,148,246,267,1261
79,124,33,9,1,0,0,0,131,600,420,188,45,14,5,0,30,411,587,438,225,93,38,11,4,181,431,425,329,185,93,61,2,67,219,315,274,237,140,120,0,12,92,156,238,179,126,209,0,4,33,96,135,132,120,221,0,2,13,76,131,166,221,973
54,116,50,21,5,0,0,1,120,547,418,208,66,30,11,4,53,428,576,414,203,94,52,13,7,195,417,435,359,176,78,40,4,75,205,332,315,201,115,123,2,28,102,143,209,206,141,176,2,9,42,96,119,125,122,224,0,3,22,56,103,177,220,1012
79,131,30,4,2,0,0,0,124,600,411,181,67,12,4,2,33,420,587,431,219,92,33,13,9,188,438,425,315,156,96,76,1,45,225,329,274,238,135,131,0,14,93,185,237,179,132,166,0,5,38,93,140,126,120,221,0,0,11,61,120,209,221,973
54,120,53,7,4,2,2,0,116,547,428,195,75,28,9,3,50,418,576,417,205,102,42,22,21,208,414,435,332,143,96,56,5,66,203,359,315,209,119,103,0,30,94,176,201,206,125,177,0,11,52,78,115,141,122,220,1,4,13,40,123,176,224,1012
59,133,38,18,2,0,0,0,111,591,439,190,70,24,10,3,57,406,589,389,220,93,42,13,14,206,397,391,311,168,78,68,4,64,198,327,278,212,134,129,1,19,88,159,206,160,131,201,1,5,48,93,130,139,117,211,0,3,17,63,134,173,233,1092
59,111,57,14,4,1,1,0,133,591,406,206,64,19,5,3,38,439,589,397,198,88,48,17,18,190,389,391,327,159,93,63,2,70,220,311,278,206,130,134,0,24,93,168,212,160,139,173,0,10,42,78,134,131,117,233,0,3,13,68,129,201,211,1092
72,130,40,5,1,0,0,0,143,620,435,178,44,17,3,0,28,426,576,410,248,85,36,11,4,153,425,414,311,162,92,67,0,65,201,305,290,225,120,133,1,17,76,172,200,173,131,197,0,3,34,85,136,140,139,208,0,0,24,55,118,166,230,1120
72,143,28,4,0,1,0,0,130,620,426,153,65,17,3,0,40,435,576,425,201,76,34,24,5,178,410,414,305,172,85,55,1,44,248,311,290,200,136,118,0,17,85,162,225,173,140,166,0,3,36,92,120,131,139,230,0,0,11,67,133,197,208,1120
106,175,61,15,6,3,1,0,173,767,521,198,63,15,6,5,67,504,745,469,206,85,31,11,21,222,467,469,335,155,71,38,7,71,225,343,312,221,84,81,0,15,66,160,223,168,110,139,0,5,25,68,100,107,101,139,0,3,18,49,85,124,135,705
106,173,67,21,7,0,0,0,175,767,504,222,71,15,5,3,61,521,745,467,225,66,25,18,15,198,469,469,343,160,68,49,6,63,206,335,312,223,100,85,3,15,85,155,221,168,107,124,1,6,31,71,84,110,101,135,0,5,11,38,81,139,139,705
124,184,59,7,1,0,0,0,204,743,534,216,53,9,3,0,42,540,724,467,235,85,23,9,3,223,481,464,321,158,67,61,0,53,201,337,313,200,120,104,0,12,72,186,206,166,101,138,0,0,35,49,119,115,87,140,0,0,15,49,79,149,140,674
124,204,42,3,0,0,0,0,184,743,540,223,53,12,0,0,59,534,724,481,201,72,35,15,7,216,467,464,337,186,49,49,1,53,235,321,313,206,119,79,0,9,85,158,200,166,115,149,0,3,23,67,120,101,87,140,0,0,9,61,104,138,140,674
138,199,60,18,2,1,0,0,200,611,420,163,47,20,12,4,67,420,527,358,190,86,44,19,10,145,343,311,269,155,84,75,4,77,184,237,225,186,106,144,1,23,91,159,160,168,145,179,0,10,59,79,128,130,110,263,0,1,21,74,139,178,268,1353
138,200,67,10,4,1,0,0,199,611,420,145,77,23,10,1,60,420,527,343,184,91,59,21,18,163,358,311,237,159,79,74,2,47,190,269,225,160,128,139,1,20,86,155,186,168,130,178,0,12,44,84,106,145,110,268,0,4,19,75,144,179,263,1353
179,179,45,11,2,0,0,0,190,666,405,148,54,7,4,1,45,400,583,338,195,96,30,20,6,147,350,330,243,154,99,63,0,63,195,238,221,189,119,135,0,21,82,167,172,140,135,210,0,2,37,94,135,129,140,244,0,1,13,73,137,207,253,1358
179,190,45,6,0,0,0,0,179,666,400,147,63,21,2,1,45,405,583,350,195,82,37,13,11,148,338,330,238,167,94,73,2,54,195,243,221,172,135,137,0,7,96,154,189,140,129,207,0,4,30,99,119,135,140,253,0,1,20,63,135,210,244,1358
142,175,59,12,5,1,0,0,187,630,422,169,86,27,6,8,40,441,499,383,210,82,36,9,12,200,363,401,265,176,70,63,3,65,221,302,269,205,128,132,1,21,83,149,232,183,137,191,0,6,37,80,131,136,112,210,0,5,21,58,123,190,224,1066
142,187,40,12,3,1,0,0,175,630,441,200,65,21,6,5,59,422,499,363,221,83,37,21,12,169,383,401,302,149,80,58,5,86,210,265,269,232,131,123,1,27,82,176,205,183,136,190,0,6,36,70,128,137,112,224,0,8,9,63,132,191,210,1066
172,181,39,4,1,0,0,0,174,683,423,178,71,14,4,0,42,421,509,387,212,82,37,13,4,177,385,388,280,177,78,60,3,62,220,284,280,205,124,149,1,16,95,168,210,182,137,191,0,3,28,85,119,135,122,219,0,0,6,51,150,196,212,1051
172,174,42,4,3,1,0,0,181,683,421,177,62,16,3,0,39,423,509,385,220,95,28,6,4,178,387,388,284,168,85,51,1,71,212,280,280,210,119,150,0,14,82,177,205,182,135,196,0,4,37,78,124,137,122,212,0,0,13,60,149,191,219,1051
69,110,41,9,3,4,0,0,106,368,321,168,80,37,7,5,50,348,490,331,210,102,51,37,10,171,367,397,273,154,96,91,9,74,221,295,286,195,149,132,3,25,104,180,189,190,129,227,0,5,33,101,145,150,140,243,0,7,35,82,176,201,244,1424
69,106,50,10,9,3,0,0,110,368,348,171,74,25,5,7,41,321,490,367,221,104,33,35,9,168,331,397,295,180,101,82,3,80,210,273,286,189,145,176,4,37,102,154,195,190,150,201,0,7,51,96,149,129,140,244,0,5,37,91,132,227,243,1424
84,109,44,6,2,0,0,0,112,423,338,159,42,10,6,1,35,338,495,359,226,99,41,10,8,167,361,379,277,191,99,82,0,53,235,272,278,204,141,183,0,12,94,175,214,168,147,235,1,1,31,116,151,139,124,257,0,1,16,97,169,226,261,1396
84,112,35,8,0,0,1,0,109,423,338,167,53,12,1,1,44,338,495,361,235,94,31,16,6,159,359,379,272,175,116,97,2,42,226,277,278,214,151,169,0,10,99,191,204,168,139,226,0,6,41,99,141,147,124,261,0,1,10,82,183,235,257,1396
36,105,56,13,4,0,0,0,112,490,438,174,67,14,4,2,42,397,594,427,213,88,38,18,14,197,375,436,296,170,91,60,7,81,210,295,296,227,130,123,1,19,80,155,205,236,160,189,2,3,37,83,134,147,129,238,0,5,22,51,148,164,229,1123
36,112,42,14,7,1,2,0,105,490,397,197,81,19,3,5,56,438,594,375,210,80,37,22,13,174,427,436,295,155,83,51,4,67,213,296,296,205,134,148,0,14,88,170,227,236,147,164,0,4,38,91,130,160,129,229,0,2,18,60,123,189,238,1123
64,104,29,13,2,0,0,0,100,544,422,172,51,9,1,0,40,384,586,408,235,106,30,18,5,179,392,391,294,210,104,62,3,66,222,307,291,195,140,142,1,17,89,179,215,204,135,209,0,2,41,111,131,135,132,230,0,1,22,54,145,192,237,1097
64,100,40,5,3,1,0,0,104,544,384,179,66,17,2,1,29,422,586,392,222,89,41,22,13,172,408,391,307,179,111,54,2,51,235,294,291,215,131,145,0,9,106,210,195,204,135,192,0,1,30,104,140,135,132,237,0,0,18,62,142,209,230,1097
65,139,75,14,6,0,1,0,137,605,478,199,70,21,3,2,61,440,648,487,251,94,36,18,33,213,433,461,332,169,84,42,4,80,250,323,301,211,133,98,0,35,99,158,230,178,136,142,0,7,44,65,135,138,133,181,0,2,15,55,79,166,173,712
65,137,61,33,4,0,0,0,139,605,440,213,80,35,7,2,75,478,648,433,250,99,44,15,14,199,487,461,323,158,65,55,6,70,251,332,301,230,135,79,0,21,94,169,211,178,138,166,1,3,36,84,133,136,133,173,0,2,18,42,98,142,181,712
94,147,50,11,0,0,0,0,150,618,490,191,53,12,5,0,36,482,664,474,237,117,28,8,12,188,471,435,350,172,84,53,1,53,248,335,331,193,143,106,1,13,85,184,205,182,140,167,0,4,25,91,125,128,126,189,0,2,7,50,111,175,173,675
94,150,36,12,1,1,0,0,147,618,482,188,53,13,4,2,50,490,664,471,248,85,25,7,11,191,474,435,335,184,91,50,0,53,237,350,331,205,125,111,0,12,117,172,193,182,128,175,0,5,28,84,143,140,126,173,0,0,8,53,106,167,189,675
43,101,40,16,6,1,0,0,103,479,392,183,84,16,4,3,46,398,584,415,250,79,41,19,11,195,401,439,323,199,90,49,4,69,239,333,330,259,166,112,0,18,122,192,250,233,145,146,0,6,36,94,144,142,152,222,0,2,14,48,125,181,202,904
43,103,46,11,4,0,0,0,101,479,398,195,69,18,6,2,40,392,584,401,239,122,36,14,16,183,415,439,333,192,94,48,6,84,250,323,330,250,144,125,1,16,79,199,259,233,142,181,0,4,41,90,166,145,152,202,0,3,19,49,112,146,222,904
56,98,44,7,2,1,0,0,106,499,386,189,75,16,4,1,34,416,535,412,257,119,37,19,7,165,411,440,326,197,118,51,1,59,263,322,355,247,145,130,0,13,118,197,240,208,145,189,0,6,44,92,153,148,136,213,0,0,11,53,119,179,214,872
56,106,34,7,1,0,0,0,98,499,416,165,59,13,6,0,44,386,535,411,263,118,44,11,7,189,412,440,322,197,92,53,2,75,257,326,355,240,153,119,1,16,119,197,247,208,148,179,0,4,37,118,145,145,136,214,0,1,19,51,130,189,213,872
132,162,60,18,1,0,0,0,168,583,402,200,78,18,5,1,34,419,596,425,238,102,44,15,13,178,440,441,328,164,70,56,6,64,221,324,324,225,128,104,2,23,95,158,229,202,125,164,1,5,39,88,113,137,120,196,0,5,25,51,93,150,208,884
132,168,34,13,6,2,1,0,162,583,419,178,64,23,5,5,60,402,596,440,221,95,39,25,18,200,425,441,324,158,88,51,1,78,238,328,324,229,113,93,0,18,102,164,225,202,137,150,0,5,44,70,128,125,120,208,0,1,15,56,104,164,196,884
162,153,39,10,1,0,0,0,158,619,424,181,44,14,6,1,43,449,597,406,238,94,40,16,4,170,429,437,330,168,97,66,2,38,236,323,330,223,122,119,0,8,87,186,211,202,122,177,0,4,32,91,135,118,119,202,0,2,27,64,105,179,190,850
162,158,43,4,2,0,0,0,153,619,449,170,38,8,4,2,39,424,597,429,236,87,32,27,10,181,406,437,323,186,91,64,1,44,238,330,330,211,135,105,0,14,94,168,223,202,118,179,0,6,40,97,122,122,119,190,0,1,16,66,119,177,202,850
83,169,74,21,3,0,0,0,159,766,614,251,76,12,2,0,72,622,800,602,255,71,11,4,26,231,621,628,401,148,42,18,4,58,232,388,402,250,96,33,1,14,74,171,234,199,104,55,1,0,17,49,71,114,79,86,0,0,1,15,32,62,83,193
83,159,72,26,4,1,1,0,169,766,622,231,58,14,0,0,74,614,800,621,232,74,17,1,21,251,602,628,388,171,49,15,3,76,255,401,402,234,71,32,0,12,71,148,250,199,114,62,0,2,11,42,96,104,79,83,0,0,4,18,33,55,86,193
129,173,42,10,1,0,0,0,181,780,612,245,37,3,1,0,43,622,841,578,251,82,17,2,5,239,595,630,418,166,47,16,0,50,276,408,367,229,92,49,0,7,64,177,234,200,109,62,0,0,7,50,103,113,71,74,0,0,3,14,48,63,77,187
129,181,43,5,0,0,0,0,173,780,622,239,50,7,0,0,42,612,841,595,276,64,7,3,10,245,578,630,408,177,50,14,1,37,251,418,367,234,103,48,0,3,82,166,229,200,113,63,0,1,17,47,92,109,71,77,0,0,2,16,49,62,74,187
119,163,42,7,4,0,0,0,161,623,443,171,60,12,4,2,40,423,611,416,221,92,32,16,12,188,404,402,299,186,100,59,0,51,214,307,296,205,115,114,1,16,83,183,210,195,136,165,0,5,33,106,117,126,126,209,0,1,20,72,94,178,210,1000
90,165,71,9,2,0,0,0,159,571,428,209,73,22,6,4,60,423,595,422,220,83,30,19,19,204,381,411,304,205,82,55,5,78,218,308,260,200,115,119,0,21,93,167,208,209,141,147,2,6,37,87,127,125,138,199,0,4,24,49,110,147,205,1029
119,161,40,12,0,1,0,0,163,623,423,188,51,16,5,1,42,443,611,404,214,83,33,20,7,171,416,402,307,183,106,72,4,60,221,299,296,210,117,94,0,12,92,186,205,195,126,178,0,4,32,100,115,136,126,210,0,2,16,59,114,165,209,1000
90,159,60,19,5,0,2,0,165,571,423,204,78,21,6,4,71,428,595,381,218,93,37,24,9,209,422,411,308,167,87,49,2,73,220,304,260,208,127,110,0,22,83,205,200,209,125,147,0,6,30,82,115,141,138,205,0,4,19,55,119,147,199,1029
79,139,54,10,8,0,0,0,137,522,377,172,66,29,8,8,56,372,500,366,189,100,50,27,11,181,380,357,297,155,75,75,8,66,189,282,251,200,129,154,1,21,80,172,192,173,160,208,0,8,49,95,134,138,151,242,0,8,28,70,137,209,244,1301
79,137,56,11,8,1,0,0,139,522,372,181,66,21,8,8,54,377,500,380,189,80,49,28,10,172,366,357,282,172,95,70,8,66,189,297,251,192,134,137,0,29,100,155,200,173,138,209,0,8,50,75,129,160,151,244,0,8,27,75,154,208,242,1301
110,132,41,6,4,0,0,0,132,542,379,193,54,18,5,0,35,410,520,357,196,96,36,17,12,162,337,347,291,182,112,83,3,52,223,274,235,202,120,166,0,20,94,171,205,159,133,220,0,5,54,104,131,140,124,254,0,1,19,84,161,207,286,1244
110,132,35,12,3,0,0,0,132,542,410,162,52,20,5,1,41,379,520,337,223,94,54,19,6,193,357,347,274,171,104,84,4,54,196,291,235,205,131,161,0,18,96,182,202,159,140,207,0,5,36,112,120,133,124,286,0,0,17,83,166,220,254,1244
145,186,75,27,3,0,1,0,192,546,468,181,72,28,7,4,73,444,661,442,241,100,40,21,24,186,416,440,285,198,71,54,3,88,228,267,298,202,108,117,3,30,117,175,206,217,144,160,0,8,36,87,110,131,111,175,0,6,19,54,94,177,177,721
145,192,73,24,3,3,0,0,186,546,444,186,88,30,8,6,75,468,661,416,228,117,36,19,27,181,442,440,267,175,87,54,3,72,241,285,298,206,110,94,0,28,100,198,202,217,131,177,1,7,40,71,108,144,111,177,0,4,21,54,117,160,175,721
180,195,51,7,1,0,0,0,186,570,469,170,65,17,2,0,57,483,652,450,234,102,27,10,12,178,442,410,295,204,87,50,5,54,265,308,259,214,119,94,0,13,103,193,224,209,137,172,0,2,29,86,135,126,101,189,0,0,14,47,102,177,188,729
180,186,57,12,5,0,0,0,195,570,483,178,54,13,2,0,51,469,652,442,265,103,29,14,7,170,450,410,308,193,86,47,1,65,234,295,259,224,135,102,0,17,102,204,214,209,126,177,0,2,27,87,119,137,101,188,0,0,10,50,94,172,189,729
139,193,65,10,3,1,0,0,193,670,463,180,85,22,6,2,58,455,646,447,223,90,36,18,12,194,449,512,322,177,62,55,2,57,228,318,320,210,129,90,1,28,85,193,202,196,124,148,1,3,27,76,113,138,103,160,0,3,11,52,91,146,170,687
139,193,58,12,2,1,1,0,193,670,455,194,57,28,3,3,65,463,646,449,228,85,27,11,10,180,447,512,318,193,76,52,3,85,223,322,320,202,113,91,1,22,90,177,210,196,138,146,0,6,36,62,129,124,103,170,0,2,18,55,90,148,160,687
170,183,53,7,1,0,0,0,186,733,464,192,46,8,1,0,42,435,656,467,242,92,29,11,8,196,448,477,331,187,89,43,4,68,233,324,290,224,112,98,0,12,92,189,221,189,132,145,0,0,24,80,102,139,99,178,0,0,11,47,115,138,158,679
170,186,42,8,4,0,0,0,183,733,435,196,68,12,0,0,53,464,656,448,233,92,24,11,7,192,467,477,324,189,80,47,1,46,242,331,290,221,102,115,0,8,92,187,224,189,139,138,0,1,29,89,112,132,99,158,0,0,11,43,98,145,178,679
95,165,55,13,4,0,0,0,174,640,468,211,68,18,8,2,51,468,624,440,230,96,36,12,10,204,437,517,347,189,58,56,2,75,223,339,341,215,114,102,3,21,87,159,233,192,132,144,0,5,34,75,106,105,100,174,0,2,16,55,92,150,154,754
95,174,51,10,2,3,0,0,165,640,468,204,75,21,5,2,55,468,624,437,223,87,34,16,13,211,440,517,339,159,75,55,4,68,230,347,341,233,106,92,0,18,96,189,215,192,105,150,0,8,36,58,114,132,100,154,0,2,12,56,102,144,174,754
126,157,39,8,1,0,0,0,162,677,462,222,62,8,1,1,35,481,620,456,246,82,22,13,11,186,452,477,351,203,77,55,0,70,246,338,309,216,108,122,1,13,99,169,226,193,120,153,0,1,24,87,113,111,110,151,0,0,15,51,109,153,159,740
126,162,35,11,0,1,0,0,157,677,481,186,70,13,1,0,39,462,620,452,246,99,24,15,8,222,456,477,338,169,87,51,1,62,246,351,309,226,113,109,0,8,82,203,216,193,111,153,0,1,22,77,108,120,110,159,0,1,13,55,122,153,151,740
61,118,59,15,3,1,0,0,111,465,374,192,63,23,10,4,74,355,522,444,239,103,34,14,9,208,445,463,352,189,98,70,3,68,223,356,312,239,128,113,2,26,125,214,223,185,153,163,0,6,34,95,133,164,130,214,0,4,18,47,114,189,224,877
61,111,74,9,3,2,0,0,118,465,355,208,68,26,6,4,59,374,522,445,223,125,34,18,15,192,444,463,356,214,95,47,3,63,239,352,312,223,133,114,1,23,103,189,239,185,164,189,0,10,34,98,128,153,130,224,0,4,14,70,113,163,214,877
80,120,50,4,1,1,0,0,126,459,380,201,66,11,3,0,37,391,537,443,237,96,44,7,8,203,441,475,327,208,95,64,1,62,239,336,327,242,136,101,1,7,106,201,232,214,146,183,0,1,31,118,137,148,105,239,0,0,12,58,116,174,243,869
80,126,37,8,1,1,0,0,120,459,391,203,62,7,1,0,50,380,537,441,239,106,31,12,4,201,443,475,336,201,118,58,1,66,237,327,327,232,137,116,1,11,96,208,242,214,148,174,0,3,44,95,136,146,105,243,0,0,7,64,101,183,239,869
66,133,59,22,3,0,0,0,129,495,412,181,63,27,9,4,61,383,583,467,188,110,49,21,16,202,411,453,320,188,96,65,7,67,227,298,266,203,129,103,0,22,102,187,212,187,159,187,0,8,43,95,129,160,155,226,0,3,18,54,121,186,229,901
66,129,61,16,7,0,0,0,133,495,383,202,67,22,8,3,59,412,583,411,227,102,43,18,22,181,467,453,298,187,95,54,3,63,188,320,266,212,129,121,0,27,110,188,203,187,160,186,0,9,49,96,129,159,155,229,0,4,21,65,103,187,226,901
84,136,57,8,0,0,0,0,142,513,391,183,66,13,3,0,44,416,614,422,216,96,40,6,11,174,441,465,295,203,101,65,3,65,214,309,243,208,138,118,1,12,99,196,203,195,176,179,0,3,36,99,150,155,146,239,0,0,15,71,128,186,217,891
84,142,44,11,3,1,0,0,136,513,416,174,65,12,3,0,57,391,614,441,214,99,36,15,8,183,422,465,309,196,99,71,0,66,216,295,243,203,150,128,0,13,96,203,208,195,155,186,0,3,40,101,138,176,146,217,0,0,6,65,118,179,239,891
42,108,49,20,1,0,0,0,89,494,417,228,89,28,5,0,64,397,565,435,244,112,39,19,22,248,423,477,352,199,83,36,4,77,251,362,366,274,138,95,1,19,109,182,290,239,169,156,1,9,41,94,119,179,146,190,1,4,13,41,103,131,199,612
42,89,64,22,4,1,1,1,108,494,397,248,77,19,9,4,49,417,565,423,251,109,41,13,20,228,435,477,362,182,94,41,1,89,244,352,366,290,119,103,0,28,112,199,274,239,179,131,0,5,39,83,138,169,146,199,0,0,19,36,95,156,190,612
58,118,40,7,0,0,0,0,114,533,431,207,53,12,3,0,43,427,557,434,258,119,23,6,11,198,471,462,375,215,78,33,1,67,262,369,356,277,129,111,0,19,88,214,257,226,183,173,0,1,25,100,151,158,174,172,0,0,6,51,112,150,188,594
58,114,43,11,1,0,0,0,118,533,427,198,67,19,1,0,40,431,557,471,262,88,25,6,7,207,434,462,369,214,100,51,0,53,258,375,356,257,151,112,0,12,119,215,277,226,158,150,0,3,23,78,129,183,174,188,0,0,6,33,111,173,172,594
100,156,54,16,3,2,0,0,152,525,404,203,87,22,9,0,57,428,560,434,216,104,31,27,16,184,430,463,361,197,97,45,6,66,246,336,321,210,145,102,2,26,115,182,206,208,137,167,0,10,48,101,135,139,132,188,0,1,5,52,103,171,195,762
100,152,57,16,6,2,0,0,156,525,428,184,66,26,10,1,54,404,560,430,246,115,48,5,16,203,434,463,336,182,101,52,3,87,216,361,321,206,135,103,2,22,104,197,210,208,139,171,0,9,31,97,145,137,132,195,0,0,27,45,102,167,188,762
115,164,49,6,0,0,0,0,150,565,424,169,78,10,4,0,52,402,549,468,232,96,41,14,7,199,447,459,332,183,83,69,1,56,261,326,312,215,154,101,0,16,104,211,219,196,153,159,0,1,35,98,150,156,117,194,0,1,7,48,111,194,198,739
115,150,52,7,1,0,0,0,164,565,402,199,56,16,1,1,49,424,549,447,261,104,35,7,6,169,468,459,326,211,98,48,0,78,232,332,312,219,150,111,0,10,96,183,215,196,156,194,0,4,41,83,154,153,117,198,0,0,14,69,101,159,194,739
56,96,60,15,5,0,0,0,115,468,458,221,77,23,4,1,46,462,639,497,266,97,38,10,15,244,463,506,353,190,84,30,2,81,286,355,393,245,144,80,1,20,105,186,234,222,146,139,0,1,29,64,157,149,142,189,0,0,9,37,94,128,178,545
56,115,46,15,2,1,0,0,96,468,462,244,81,20,1,0,60,458,639,463,286,105,29,9,15,221,497,506,355,186,64,37,5,77,266,353,393,234,157,94,0,23,97,190,245,222,149,128,0,4,38,84,144,146,142,178,0,1,10,30,80,139,189,545
76,114,35,6,1,0,0,0,111,508,483,181,72,6,0,1,40,475,641,492,285,98,30,3,5,193,495,492,378,179,104,42,2,69,275,361,369,256,130,120,0,10,88,228,222,221,152,130,0,1,34,88,140,156,121,190,0,0,6,39,116,134,192,504
76,111,40,5,2,0,0,0,114,508,475,193,69,10,1,0,35,483,641,495,275,88,34,6,6,181,492,492,361,228,88,39,1,72,285,378,369,222,140,116,0,6,98,179,256,221,156,134,0,0,30,104,130,152,121,192,0,1,3,42,120,130,190,504
93,128,60,20,6,0,1,0,132,490,477,223,74,17,6,2,58,506,771,515,246,69,39,15,19,208,532,543,346,189,83,40,6,62,252,371,331,239,125,81,1,15,105,187,253,188,132,107,0,10,23,66,138,147,121,147,0,1,9,38,66,135,148,488
93,132,58,19,6,1,0,0,128,490,506,208,62,15,10,1,60,477,771,532,252,105,23,9,20,223,515,543,371,187,66,38,6,74,246,346,331,253,138,66,0,17,69,189,239,188,147,135,1,6,39,83,125,132,121,148,0,2,15,40,81,107,147,488
116,136,53,6,0,0,0,0,152,545,466,197,56,6,1,0,34,479,729,528,305,109,31,2,6,199,560,536,357,187,74,35,1,46,277,360,322,236,139,85,1,10,104,202,226,170,135,137,0,1,21,99,117,137,116,166,0,0,6,36,84,150,159,452
116,152,34,6,1,1,0,0,136,545,479,199,46,10,1,0,53,466,729,560,277,104,21,6,6,197,528,536,360,202,99,36,0,56,305,357,322,226,117,84,0,6,109,187,236,170,137,150,0,1,31,74,139,135,116,159,0,0,2,35,85,137,166,452
72,102,39,5,1,0,0,0,96,474,372,146,53,12,3,1,37,361,530,376,234,99,44,14,8,136,385,363,306,174,99,68,1,55,217,266,262,209,146,154,0,21,99,194,191,181,133,208,0,9,41,114,125,125,129,262,0,1,19,76,138,226,253,1435
56,97,46,15,4,1,1,0,98,413,374,167,71,24,9,1,40,364,530,380,195,98,45,31,13,159,349,366,304,165,88,96,7,67,192,290,258,220,138,140,1,32,109,164,204,168,145,209,1,9,44,85,130,167,140,234,1,7,42,75,146,188,244,1443
72,96,37,8,1,0,0,0,102,474,361,136,55,21,9,1,39,372,530,385,217,99,41,19,5,146,376,363,266,194,114,76,1,53,234,306,262,191,125,138,0,12,99,174,209,181,125,226,0,3,44,99,146,133,129,253,0,1,14,68,154,208,262,1435
56,98,40,13,7,1,1,1,97,413,364,159,67,32,9,7,46,374,530,349,192,109,44,42,15,167,380,366,290,164,85,75,4,71,195,304,258,204,130,146,1,24,98,165,220,168,167,188,1,9,45,88,138,145,140,244,0,1,31,96,140,209,234,1443
44,102,50,10,3,0,0,0,107,479,398,240,64,11,7,1,38,421,622,504,230,97,27,13,17,218,498,541,390,199,114,44,4,61,249,378,353,263,129,80,1,20,99,220,265,237,148,125,0,4,30,80,126,161,147,194,0,0,10,45,84,148,171,579
44,107,38,17,4,1,0,0,102,479,421,218,61,20,4,0,50,398,622,498,249,99,30,10,10,240,504,541,378,220,80,45,3,64,230,390,353,265,126,84,0,11,97,199,263,237,161,148,0,7,27,114,129,148,147,171,0,1,13,44,80,125,194,579
48,112,37,12,3,0,0,0,105,487,419,224,52,15,0,0,43,426,580,499,261,98,29,10,11,227,516,540,370,222,107,34,1,39,264,379,361,260,128,82,0,12,96,229,247,216,167,152,0,2,34,93,147,148,135,182,0,1,9,49,80,155,170,575
48,105,43,11,1,0,0,0,112,487,426,227,39,12,2,1,37,419,580,516,264,96,34,9,12,224,499,540,379,229,93,49,3,52,261,370,361,247,147,80,0,15,98,222,260,216,148,155,0,0,29,107,128,167,135,170,0,0,10,34,82,152,182,575
23,71,36,15,4,0,0,0,74,396,342,207,87,24,5,2,36,339,557,424,233,103,39,9,14,231,417,435,351,197,92,66,1,65,252,350,366,244,131,138,1,28,90,192,253,235,179,176,0,5,36,113,149,164,174,222,0,0,20,64,102,188,241,892
23,74,36,14,1,1,0,0,71,396,339,231,65,28,5,0,36,342,557,417,252,90,36,20,15,207,424,435,350,192,113,64,4,87,233,351,366,253,149,102,0,24,103,197,244,235,164,188,0,5,39,92,131,179,174,241,0,2,9,66,138,176,222,892
40,79,20,8,2,0,0,0,68,459,358,163,63,17,2,1,28,335,550,400,265,119,31,9,11,201,413,469,355,198,107,48,2,47,268,361,318,258,140,154,0,11,89,212,247,216,184,200,1,1,31,122,161,162,161,228,0,0,7,61,142,181,241,875
40,68,28,11,2,0,1,0,79,459,335,201,47,11,1,0,20,358,550,413,268,89,31,7,8,163,400,469,361,212,122,61,2,63,265,355,318,247,161,142,0,17,119,198,258,216,162,181,0,2,31,107,140,184,161,241,0,1,9,48,154,200,228,875
62,109,58,14,7,1,0,0,110,460,375,177,73,21,7,0,51,376,536,398,203,83,37,23,19,188,379,415,307,212,86,62,2,57,216,319,306,237,126,140,2,19,94,190,235,234,173,189,0,6,33,102,139,155,139,221,1,1,22,62,135,197,230,1069
62,110,51,19,2,2,0,1,109,460,376,188,57,19,6,1,58,375,536,379,216,94,33,22,14,177,398,415,319,190,102,62,7,73,203,307,306,235,139,135,1,21,83,212,237,234,155,197,0,7,37,86,126,173,139,230,0,0,23,62,140,189,221,1069
72,135,35,7,0,0,0,0,120,483,362,170,56,14,5,2,51,375,523,375,229,112,29,9,6,162,412,439,331,191,79,55,1,54,202,319,276,247,155,149,0,8,109,198,237,207,175,208,0,0,48,106,132,155,130,230,0,0,11,59,139,213,226,1067
72,120,51,6,1,0,0,0,135,483,375,162,54,8,0,0,35,362,523,412,202,109,48,11,7,170,375,439,319,198,106,59,0,56,229,331,276,237,132,139,0,14,112,191,247,207,155,213,0,5,29,79,155,175,130,226,0,2,9,55,149,208,230,1067
36,93,44,17,4,1,0,0,91,479,408,232,84,30,2,0,41,431,619,466,248,107,42,15,19,207,494,522,375,181,72,47,8,84,248,358,367,244,136,109,0,32,107,194,242,225,168,137,1,3,27,76,140,162,136,190,0,2,12,44,93,160,180,608
36,91,41,19,8,0,1,0,93,479,431,207,84,32,3,2,44,408,619,494,248,107,27,12,17,232,466,522,358,194,76,44,4,84,248,375,367,242,140,93,1,30,107,181,244,225,162,160,0,2,42,72,136,168,136,180,0,0,15,47,109,137,190,608
48,104,36,5,1,0,0,0,104,538,407,215,52,9,3,1,41,422,634,455,259,111,28,7,2,229,483,480,381,204,98,38,2,36,277,407,363,239,119,122,0,5,91,196,266,242,154,151,0,2,26,109,137,149,127,185,0,0,10,43,86,154,203,604
48,104,41,2,2,0,0,0,104,538,422,229,36,5,2,0,36,407,634,483,277,91,26,10,5,215,455,480,407,196,109,43,1,52,259,381,363,266,137,86,0,9,111,204,239,242,149,154,0,3,28,98,119,154,127,203,0,1,7,38,122,151,185,604
69,118,51,16,4,3,1,0,128,483,392,199,86,34,4,1,57,423,648,450,246,113,34,14,8,189,468,464,345,219,70,54,2,84,263,369,360,209,136,106,2,21,87,197,259,217,166,153,0,3,44,77,133,159,128,177,0,1,15,38,103,151,189,660
69,128,57,8,2,2,0,0,118,483,423,189,84,21,3,1,51,392,648,468,263,87,44,15,16,199,450,464,369,197,77,38,4,86,246,345,360,259,133,103,3,34,113,219,209,217,159,151,1,4,34,70,136,166,128,189,0,1,14,54,106,153,177,660
94,122,44,4,1,0,0,0,124,522,399,193,59,15,4,0,42,410,664,455,268,99,31,13,6,200,480,443,356,201,85,43,1,53,257,375,339,263,141,106,0,16,99,209,244,209,153,172,0,0,30,85,150,162,123,174,0,0,13,53,116,150,179,651
94,124,42,6,1,0,0,0,122,522,410,200,53,16,0,0,44,399,664,480,257,99,30,13,4,193,455,443,375,209,85,53,1,59,268,356,339,244,150,116,0,15,99,201,263,209,162,150,0,4,31,85,141,153,123,179,0,0,13,43,106,172,174,651
103,161,66,12,1,0,0,1,160,596,447,190,77,28,4,0,57,463,564,402,200,90,30,19,18,187,385,356,286,170,82,60,6,68,190,291,298,197,144,113,2,22,97,155,207,217,149,178,0,3,41,88,127,144,144,225,0,2,29,54,106,181,224,983
103,160,57,18,6,2,0,0,161,596,463,187,68,22,3,2,66,447,564,385,190,97,41,29,12,190,402,356,291,155,88,54,1,77,200,286,298,207,127,106,0,28,90,170,197,217,144,181,0,4,30,82,144,149,144,224,1,0,19,60,113,178,225,983
118,172,41,10,0,0,0,0,175,618,439,185,59,9,4,1,41,449,592,385,222,100,29,10,8,178,372,356,289,177,108,61,1,69,224,275,255,222,135,123,0,19,104,188,209,187,145,173,0,2,43,86,134,147,122,243,0,0,14,58,135,182,228,969
118,175,41,8,1,0,0,0,172,618,449,178,69,19,2,0,41,439,592,372,224,104,43,14,10,185,385,356,275,188,86,58,0,59,222,289,255,209,134,135,0,9,100,177,222,187,147,182,0,4,29,108,135,145,122,228,0,1,10,61,123,173,243,969
73,116,53,19,2,2,0,0,121,419,385,182,76,16,6,3,52,387,567,372,235,109,33,16,15,180,375,439,304,194,100,65,4,78,223,318,355,225,127,151,0,17,116,190,219,224,136,209,0,5,36,86,146,148,123,203,0,2,13,63,141,193,222,1011
73,121,52,15,4,0,0,0,116,419,387,180,78,17,5,2,53,385,567,375,223,116,36,13,19,182,372,439,318,190,86,63,2,76,235,304,355,219,146,141,2,16,109,194,225,224,148,193,0,6,33,100,127,136,123,222,0,3,16,65,151,209,203,1011
97,119,37,10,1,0,0,0,120,482,371,151,60,15,2,2,40,351,566,421,245,103,27,13,8,176,417,415,321,186,101,50,0,65,239,329,331,264,130,127,0,10,96,198,240,212,153,196,0,2,30,81,138,145,106,245,0,0,17,68,145,187,223,1016
97,120,40,8,0,0,0,0,119,482,351,176,65,10,2,0,37,371,566,417,239,96,30,17,10,151,421,415,329,198,81,68,1,60,245,321,331,240,138,145,0,15,103,186,264,212,145,187,0,2,27,101,130,153,106,223,0,2,13,50,127,196,245,1016
72,118,58,15,6,1,0,0,131,421,378,194,77,23,7,3,48,390,465,380,212,106,50,25,10,194,393,426,326,184,86,75,8,70,222,326,303,226,113,150,1,22,98,214,229,202,154,180,1,4,42,83,143,151,117,207,1,3,22,57,126,209,224,1118
72,131,48,10,8,1,1,1,118,421,390,194,70,22,4,3,58,378,465,393,222,98,42,22,15,194,380,426,326,214,83,57,6,77,212,326,303,229,143,126,1,23,106,184,226,202,151,209,0,7,50,86,113,154,117,224,0,3,25,75,150,180,207,1118
98,117,49,9,0,0,0,0,117,482,376,165,56,21,7,0,47,354,483,392,239,115,31,25,7,185,394,449,318,192,88,67,2,66,225,318,305,226,130,142,0,22,109,181,238,192,146,219,0,1,31,99,119,150,128,218,0,2,10,77,146,202,217,1096
98,117,47,7,2,0,0,0,117,482,354,185,66,22,1,2,49,376,483,394,225,109,31,10,9,165,392,449,318,181,99,77,0,56,239,318,305,238,119,146,0,21,115,192,226,192,150,202,0,7,31,88,130,146,128,217,0,0,25,67,142,219,218,1096
33,84,44,18,3,1,0,0,86,379,319,168,71,33,9,9,44,319,468,365,209,119,54,30,17,170,368,415,294,177,108,93,2,80,211,313,310,207,134,126,1,28,117,191,205,215,149,223,0,13,47,92,137,156,125,266,0,3,36,82,160,223,258,1283
33,86,44,17,2,1,0,0,84,379,319,170,80,28,13,3,44,319,468,368,211,117,47,36,18,168,365,415,313,191,92,82,3,71,209,294,310,205,137,160,1,33,119,177,207,215,156,223,0,9,54,108,134,149,125,258,0,9,30,93,126,223,266,1283
49,88,35,4,1,1,0,0,89,412,322,171,60,12,1,0,33,340,465,382,228,106,30,21,13,160,392,393,309,204,116,54,0,60,211,329,263,210,150,164,0,23,116,181,226,214,140,232,0,1,48,114,131,147,125,274,0,0,19,67,167,231,276,1290
49,89,33,13,0,0,0,0,88,412,340,160,60,23,1,0,35,322,465,392,211,116,48,19,4,171,382,393,329,181,114,67,1,60,228,309,263,226,131,167,1,12,106,204,210,214,147,231,0,1,30,116,150,140,125,276,0,0,21,54,164,232,274,1290
34,80,48,15,3,0,0,0,97,377,346,183,63,25,6,2,36,356,538,415,263,96,53,11,11,184,421,447,375,179,94,55,2,75,247,356,359,256,154,118,0,25,107,199,248,237,181,171,0,5,40,86,151,182,164,242,0,1,15,55,107,190,223,891
34,97,36,11,2,0,0,0,80,377,356,184,75,25,5,1,48,346,538,421,247,107,40,15,15,183,415,447,356,199,86,55,3,63,263,375,359,248,151,107,0,25,96,179,256,237,182,190,0,6,53,94,154,181,164,223,0,2,11,55,118,171,242,891
53,87,33,6,2,0,0,0,96,389,356,184,66,12,3,0,25,349,543,410,263,123,41,15,3,188,405,441,352,213,109,49,1,58,278,351,325,235,173,144,0,18,105,202,261,225,167,188,0,6,35,114,167,153,161,236,0,0,9,62,136,198,223,853
53,96,25,3,1,0,0,0,87,389,349,188,58,18,6,0,33,356,543,405,278,105,35,9,6,184,410,441,351,202,114,62,2,66,263,352,325,261,167,136,0,12,123,213,235,225,153,198,0,3,41,109,173,167,161,223,0,0,15,49,144,188,236,853
63,111,40,8,0,0,0,0,110,415,365,168,60,25,2,1,32,345,514,412,227,96,28,8,11,189,366,330,287,210,108,84,1,58,223,299,313,187,145,156,0,20,89,166,205,199,139,239,0,5,51,108,146,135,123,254,0,1,16,99,146,211,278,1273
48,98,47,20,6,0,0,0,109,420,350,164,69,27,4,6,45,353,503,366,226,109,40,23,13,174,384,376,301,166,116,52,6,69,225,310,282,210,123,165,1,31,87,184,209,194,147,212,0,4,51,95,125,157,121,267,0,4,19,75,161,198,270,1283
63,110,32,11,1,0,0,0,111,415,345,189,58,20,5,1,40,365,514,366,223,89,51,16,8,168,412,330,299,166,108,99,0,60,227,287,313,205,146,146,0,25,96,210,187,199,135,211,0,2,28,108,145,139,123,278,0,1,8,84,156,239,254,1273
48,109,45,13,6,1,0,0,98,420,353,174,69,31,4,4,47,350,503,384,225,87,51,19,20,164,366,376,310,184,95,75,6,69,226,301,282,209,125,161,0,27,109,166,210,194,157,198,0,4,40,116,123,147,121,270,0,6,23,52,165,212,267,1283
56,102,42,12,3,0,1,0,100,433,344,164,64,26,8,6,38,369,494,383,204,102,32,27,17,140,386,387,314,162,98,73,3,61,206,306,322,212,125,154,0,34,111,164,192,206,157,207,0,5,44,95,141,154,137,254,0,2,26,63,146,204,274,1308
56,100,38,17,3,0,0,0,102,433,369,140,61,34,5,2,42,344,494,386,206,111,44,26,12,164,383,387,306,164,95,63,3,64,204,314,322,192,141,146,0,26,102,162,212,206,154,204,1,8,32,98,125,157,137,274,0,6,27,73,154,207,254,1308
68,104,35,5,0,1,0,0,110,461,344,159,53,22,4,1,29,338,533,387,212,96,41,14,8,175,362,357,316,186,101,69,1,58,236,298,311,200,138,148,0,15,87,183,204,191,139,239,0,4,43,114,139,137,137,258,0,0,15,83,158,230,270,1273
68,110,29,8,1,0,0,0,104,461,338,175,58,15,4,0,35,344,533,362,236,87,43,15,5,159,387,357,298,183,114,83,0,53,212,316,311,204,139,158,1,22,96,186,200,191,137,230,0,4,41,101,138,139,137,270,0,1,14,69,148,239,258,1273
51,124,47,8,5,3,0,0,128,492,406,211,76,26,7,3,49,388,589,430,229,115,48,15,9,200,423,451,326,199,83,54,1,106,241,330,291,218,123,98,3,15,104,187,219,213,147,186,0,8,35,90,139,145,144,207,1,2,19,34,125,150,221,903
51,128,49,9,1,3,0,1,124,492,388,200,106,15,8,2,47,406,589,423,241,104,35,19,8,211,430,451,330,187,90,34,5,76,229,326,291,219,139,125,3,26,115,199,218,213,145,150,0,7,48,83,123,147,144,221,0,3,15,54,98,186,207,903
67,119,40,12,1,0,0,0,137,543,407,170,65,11,2,1,31,431,578,444,228,99,37,10,5,188,463,414,338,192,97,55,0,44,217,353,304,240,131,117,0,15,106,192,224,191,156,180,0,3,42,99,136,152,112,228,0,0,7,67,110,186,234,869
67,137,31,5,0,0,0,0,119,543,431,188,44,15,3,0,40,407,578,463,217,106,42,7,12,170,444,414,353,192,99,67,1,65,228,338,304,224,136,110,0,11,99,192,240,191,152,186,0,2,37,97,131,156,112,234,0,1,10,55,117,180,228,869
40,105,49,14,2,1,0,0,96,467,359,229,80,16,3,2,50,380,536,419,261,107,43,13,17,208,443,481,346,205,91,49,8,72,239,361,365,228,173,103,2,23,110,198,275,217,139,147,0,8,49,90,131,167,130,225,0,0,15,61,98,161,217,776
40,96,50,17,8,2,0,0,105,467,380,208,72,23,8,0,49,359,536,443,239,110,49,15,14,229,419,481,361,198,90,61,2,80,261,346,365,275,131,98,1,16,107,205,228,217,167,161,0,3,43,91,173,139,130,217,0,2,13,49,103,147,225,776
63,115,32,2,2,0,0,0,106,519,364,192,54,19,4,0,32,382,553,434,258,104,28,12,13,180,477,472,363,201,104,43,0,57,248,392,356,236,140,124,0,10,107,203,244,205,157,176,0,0,30,89,160,169,146,202,0,0,5,57,118,167,213,761
63,106,32,13,0,0,0,0,115,519,382,180,57,10,0,0,32,364,553,477,248,107,30,5,2,192,434,472,392,203,89,57,2,54,258,363,356,244,160,118,0,19,104,201,236,205,169,167,0,4,28,104,140,157,146,213,0,0,12,43,124,176,202,761
65,103,53,24,5,2,0,1,108,424,337,167,63,28,14,4,42,343,554,370,217,86,53,28,19,170,378,377,302,176,89,64,9,72,221,294,286,217,129,140,0,20,88,180,206,186,147,209,0,5,32,91,136,149,132,247,0,5,23,82,158,197,231,1342
65,108,42,19,9,0,0,0,103,424,343,170,72,20,5,5,53,337,554,378,221,88,32,23,24,167,370,377,294,180,91,82,5,63,217,302,286,206,136,158,2,28,86,176,217,186,149,197,0,14,53,89,129,147,132,231,1,4,28,64,140,209,247,1342
69,119,44,13,4,0,0,0,125,448,324,163,52,18,4,2,41,349,538,378,222,99,40,24,10,156,403,362,296,178,91,89,3,55,210,329,287,194,136,162,0,11,107,163,221,175,152,211,0,3,45,86,128,173,118,240,0,0,19,85,162,206,246,1312
69,125,41,10,3,0,0,0,119,448,349,156,55,11,3,0,44,324,538,403,210,107,45,19,13,163,378,362,329,163,86,85,4,52,222,296,287,221,128,162,0,18,99,178,194,175,173,206,0,4,40,91,136,152,118,246,0,2,24,89,162,211,240,1312
42,90,41,15,4,0,0,0,93,396,346,187,82,23,10,3,36,376,534,363,228,112,36,23,18,174,416,446,267,190,90,67,2,64,233,323,317,201,144,129,1,26,88,177,235,200,141,215,0,7,32,93,135,160,154,240,0,2,21,70,140,196,254,1192
42,93,36,18,2,1,0,0,90,396,376,174,64,26,7,2,41,346,534,416,233,88,32,21,15,187,363,446,323,177,93,70,4,82,228,267,317,235,135,140,0,23,112,190,201,200,160,196,0,10,36,90,144,141,154,254,0,3,23,67,129,215,240,1192
62,88,29,10,0,0,1,0,92,438,354,173,56,17,4,1,31,377,515,408,207,116,38,12,7,173,418,400,310,205,95,72,1,48,260,319,267,214,154,141,0,12,90,192,259,180,142,213,0,5,33,108,150,152,125,252,0,0,14,71,162,199,264,1164
62,92,31,7,1,0,0,0,88,438,377,173,48,12,5,0,29,354,515,418,260,90,33,14,10,173,408,400,319,192,108,71,0,56,207,310,267,259,150,162,0,17,116,205,214,180,152,199,1,4,38,95,154,142,125,264,0,1,12,72,141,213,252,1164
80,111,50,11,9,2,1,0,106,490,385,211,78,21,6,2,61,403,562,400,181,63,43,26,14,188,385,396,315,189,98,76,5,75,181,290,264,225,130,143,0,28,108,165,203,212,159,177,0,4,48,114,134,154,124,245,0,2,17,74,132,182,258,1084
80,106,61,14,5,0,0,0,111,490,403,188,75,28,4,2,50,385,562,385,181,108,48,17,11,211,400,396,290,165,114,74,9,78,181,315,264,203,134,132,2,21,63,189,225,212,154,182,1,6,43,98,130,159,124,258,0,2,26,76,143,177,245,1084
86,129,30,11,2,0,0,0,125,519,388,175,57,24,2,1,45,389,555,398,192,102,44,15,9,181,369,447,280,168,121,87,1,69,240,276,266,195,148,125,0,13,111,183,192,196,149,201,0,1,34,113,165,157,118,239,0,3,18,63,162,205,239,1067
86,125,45,9,1,0,0,0,129,519,389,181,69,13,1,3,30,388,555,369,240,111,34,18,11,175,398,447,276,183,113,63,2,57,192,280,266,192,165,162,0,24,102,168,195,196,157,205,0,2,44,121,148,149,118,239,0,1,15,87,125,201,239,1067
29,77,27,15,4,1,0,0,72,441,381,168,69,18,5,2,28,384,541,419,237,88,55,29,18,164,420,420,335,185,95,62,4,75,240,335,308,227,128,128,0,19,115,172,222,207,157,186,0,7,37,99,136,153,108,269,1,0,22,61,124,200,261,1110
29,72,28,18,4,0,0,1,77,441,384,164,75,19,7,0,27,381,541,420,240,115,37,22,15,168,419,420,335,172,99,61,4,69,237,335,308,222,136,124,1,18,88,185,227,207,153,200,0,5,55,95,128,157,108,261,0,2,29,62,128,186,269,1110
33,74,37,6,1,0,0,0,84,456,394,153,55,16,5,0,31,385,540,437,221,114,33,20,5,184,412,425,327,176,94,73,0,52,241,326,313,226,143,135,0,13,107,186,222,189,149,216,0,4,41,91,159,157,122,243,0,0,13,71,142,205,256,1087
33,84,31,5,0,0,0,0,74,456,385,184,52,13,4,0,37,394,540,412,241,107,41,13,6,153,437,425,326,186,91,71,1,55,221,327,313,222,159,142,0,16,114,176,226,189,157,205,0,5,33,94,143,149,122,256,0,0,20,73,135,216,243,1087
120,194,86,13,5,1,1,0,197,791,546,216,71,20,2,2,72,565,717,454,222,87,34,14,19,196,474,411,265,159,62,53,4,60,217,284,275,174,92,106,0,21,80,149,180,172,116,133,0,5,32,71,104,115,70,159,0,3,15,36,89,129,182,758
120,197,72,19,4,0,0,0,194,791,565,196,60,21,5,3,86,546,717,474,217,80,32,15,13,216,454,411,284,149,71,36,5,71,222,265,275,180,104,89,1,20,87,159,174,172,115,129,1,2,34,62,92,116,70,182,0,2,14,53,106,133,159,758
154,206,43,13,1,1,0,0,189,813,570,186,58,22,3,0,57,534,757,460,226,84,29,15,15,213,456,409,277,157,66,43,1,57,221,270,266,189,104,95,1,19,84,168,180,139,104,161,0,4,25,81,90,105,92,160,0,0,13,53,116,155,158,732
154,189,57,15,1,1,0,0,206,813,534,213,57,19,4,0,43,570,757,456,221,84,25,13,13,186,460,409,270,168,81,53,1,58,226,277,266,180,90,116,1,22,84,157,189,139,105,155,0,3,29,66,104,104,92,158,0,0,15,43,95,161,160,732
189,290,85,20,4,2,0,0,296,992,680,262,57,13,2,0,82,699,895,577,217,43,20,4,23,242,577,586,315,139,39,25,0,66,232,300,277,166,61,46,1,13,47,134,169,136,69,62,0,0,16,43,74,72,68,67,0,0,8,14,42,55,83,204
189,296,82,23,0,1,0,0,290,992,699,242,66,13,0,0,85,680,895,577,232,47,16,8,20,262,577,586,300,134,43,14,4,57,217,315,277,169,74,42,2,13,43,139,166,136,72,55,0,2,20,39,61,69,68,83,0,0,4,25,46,62,67,204
248,274,53,6,3,0,0,0,276,1042,686,235,50,9,1,0,57,706,919,565,210,69,15,3,7,222,607,586,324,146,37,21,1,39,198,359,273,142,93,48,0,6,61,132,166,134,64,66,0,1,15,51,77,72,53,71,0,0,2,12,48,64,77,198
248,276,57,7,1,0,0,0,274,1042,706,222,39,6,1,0,53,686,919,607,198,61,15,2,6,235,565,586,359,132,51,12,3,50,210,324,273,166,77,48,0,9,69,146,142,134,72,64,0,1,15,37,93,64,53,77,0,0,3,21,48,66,71,198
70,202,78,17,4,1,0,0,200,932,638,233,70,17,4,1,86,629,846,495,202,70,22,7,13,232,499,477,304,146,55,31,3,74,207,318,318,207,97,58,0,13,78,140,225,169,117,83,0,0,11,43,92,119,92,133,0,0,6,34,65,98,105,414
70,200,86,13,3,0,0,0,202,932,629,232,74,13,0,0,78,638,846,499,207,78,11,6,17,233,495,477,318,140,43,34,4,70,202,304,318,225,92,65,1,17,70,146,207,169,119,98,0,4,22,55,97,117,92,105,0,1,7,31,58,83,133,414
106,213,52,6,1,0,0,0,214,935,647,221,64,13,2,1,47,684,820,475,219,89,26,2,7,190,517,469,316,159,61,31,0,45,234,340,289,206,87,78,0,13,78,154,187,161,121,106,0,1,21,55,122,92,84,117,0,0,3,37,81,102,112,387
106,214,47,7,0,0,0,0,213,935,684,190,45,13,1,0,52,647,820,517,234,78,21,3,6,221,475,469,340,154,55,37,1,64,219,316,289,187,122,81,0,13,89,159,206,161,92,102,0,2,26,61,87,121,84,112,0,1,2,31,78,106,117,387
71,146,48,10,1,0,0,0,127,530,394,176,62,18,2,0,65,381,635,423,226,114,30,9,8,167,399,395,297,179,113,63,3,64,238,281,284,198,131,148,0,19,121,178,219,186,141,195,0,6,33,92,122,152,111,228,0,0,17,62,135,211,212,1024
69,128,53,22,7,0,0,0,128,486,414,176,75,23,7,2,50,422,601,412,238,112,33,16,18,175,419,402,267,189,87,59,6,71,240,301,249,219,126,134,4,23,90,178,226,196,153,188,1,7,47,74,144,144,121,203,0,1,21,60,131,172,217,1063
71,127,65,8,3,0,0,0,146,530,381,167,64,19,6,0,48,394,635,399,238,121,33,17,10,176,423,395,281,178,92,62,1,62,226,297,284,219,122,135,0,18,114,179,198,186,152,211,0,2,30,113,131,141,111,212,0,0,9,63,148,195,228,1024
69,128,50,18,6,4,1,0,128,486,422,175,71,23,7,1,53,414,601,419,240,90,47,21,22,176,412,402,301,178,74,60,7,75,238,267,249,226,144,131,0,23,112,189,219,196,144,172,0,7,33,87,126,153,121,217,0,2,16,59,134,188,203,1063
118,211,67,14,1,0,0,0,211,838,597,211,72,18,2,0,68,579,815,513,204,55,24,15,16,246,495,551,348,140,51,22,2,62,205,335,319,218,92,59,0,9,65,151,225,208,98,94,0,5,31,58,79,106,81,110,0,1,9,37,43,105,120,471
118,211,68,16,2,0,0,0,211,838,579,246,62,9,5,1,67,597,815,495,205,65,31,9,14,211,513,551,335,151,58,37,1,72,204,348,319,225,79,43,0,18,55,140,218,208,106,105,0,2,24,51,92,98,81,120,0,0,15,22,59,94,110,471
133,218,53,10,1,0,0,0,216,854,588,221,63,12,2,2,58,609,748,532,236,76,21,4,8,208,546,505,343,165,66,28,0,54,224,352,285,213,81,78,0,8,79,161,201,188,93,112,0,1,24,48,90,103,82,116,0,1,8,34,71,98,124,445
133,216,58,8,0,0,0,0,218,854,609,208,54,8,1,1,53,588,748,546,224,79,24,8,10,221,532,505,352,161,48,34,1,63,236,343,285,201,90,71,0,12,76,165,213,188,103,98,0,2,21,66,81,93,82,124,0,2,4,28,78,112,116,445
85,159,51,11,4,1,0,0,165,718,510,213,82,22,4,2,53,531,747,477,237,80,26,14,9,199,488,509,340,153,68,45,3,77,242,331,306,218,114,93,0,17,91,165,217,174,115,115,0,6,27,63,116,123,100,128,0,0,16,48,84,116,136,656
85,165,53,9,3,0,0,0,159,718,531,199,77,17,6,0,51,510,747,488,242,91,27,16,11,213,477,509,331,165,63,48,4,82,237,340,306,217,116,84,1,22,80,153,218,174,123,116,0,4,26,68,114,115,100,136,0,2,14,45,93,115,128,656
112,156,41,4,0,0,0,0,156,766,531,192,53,7,6,1,37,516,751,491,235,89,26,14,9,202,484,508,322,166,76,48,0,50,230,334,352,208,105,100,0,17,95,164,215,154,118,131,0,3,28,77,107,123,99,126,0,0,10,52,99,146,136,622
112,156,37,9,0,0,0,0,156,766,516,202,50,17,3,0,41,531,751,484,230,95,28,10,4,192,491,508,334,164,77,52,0,53,235,322,352,215,107,99,0,7,89,166,208,154,123,146,0,6,26,76,105,118,99,136,0,1,14,48,100,131,126,622
68,151,72,27,4,1,0,0,161,737,569,244,58,16,4,2,64,595,741,511,213,93,25,9,18,215,539,536,331,165,60,43,3,74,196,338,287,189,90,73,0,18,85,160,191,198,137,117,1,1,35,70,100,117,101,132,0,0,15,28,69,121,144,538
68,161,64,18,3,0,1,0,151,737,595,215,74,18,1,0,72,569,741,539,196,85,35,15,27,244,511,536,338,160,70,28,4,58,213,331,287,191,100,69,1,16,93,165,189,198,117,121,0,4,25,60,90,137,101,144,0,2,9,43,73,117,132,538
99,158,57,8,0,1,0,0,167,763,560,235,59,14,3,1,52,567,735,552,236,92,16,7,3,214,542,541,301,193,88,38,0,59,229,301,284,195,95,78,0,9,95,167,192,167,125,144,0,6,18,68,104,131,94,133,0,0,11,53,75,113,136,516
99,167,52,3,0,0,0,0,158,763,567,214,59,9,6,0,57,560,735,542,229,95,18,11,8,235,552,541,301,167,68,53,0,59,236,301,284,192,104,75,1,14,92,193,195,167,131,113,0,3,16,88,95,125,94,136,0,1,7,38,78,144,133,516
112,197,64,15,0,0,0,0,201,783,583,220,64,15,4,0,62,574,770,501,246,86,17,7,13,230,512,548,339,168,59,29,0,67,231,353,346,215,113,63,0,14,74,168,208,174,134,97,0,2,21,69,122,120,92,122,0,3,11,28,58,90,125,361
112,201,62,13,0,0,0,0,197,783,574,230,67,14,2,3,64,583,770,512,231,74,21,11,15,220,501,548,353,168,69,28,0,64,246,339,346,208,122,58,0,15,86,168,215,174,120,90,0,4,17,59,113,134,92,125,0,0,7,29,63,97,122,361
144,191,46,5,0,0,0,0,181,799,601,205,68,9,1,1,61,595,714,538,246,81,23,10,5,211,528,513,368,175,80,23,1,67,270,364,311,193,122,61,0,4,84,174,202,185,113,102,0,2,22,69,117,117,86,133,0,0,3,32,74,105,119,346
144,181,61,5,1,0,0,0,191,799,595,211,67,4,2,0,46,601,714,528,270,84,22,3,5,205,538,513,364,174,69,32,0,68,246,368,311,202,117,74,0,9,81,175,193,185,117,105,0,1,23,80,122,113,86,119,0,1,10,23,61,102,133,346
78,157,60,19,3,0,0,0,167,657,522,197,61,20,7,5,58,497,705,489,224,73,37,20,14,219,482,502,338,171,64,37,2,70,198,369,305,223,101,75,0,33,81,151,228,176,112,129,1,6,38,60,89,107,109,180,0,5,11,43,94,140,154,727
78,167,58,14,2,0,1,0,157,657,497,219,70,33,6,5,60,522,705,482,198,81,38,11,19,197,489,502,369,151,60,43,3,61,224,338,305,228,89,94,0,20,73,171,223,176,107,140,0,7,37,64,101,112,109,154,0,5,20,37,75,129,180,727
107,161,46,6,0,0,0,0,166,664,520,217,56,11,4,1,40,512,667,491,246,98,33,11,6,223,490,452,352,172,72,56,0,63,246,352,276,196,105,105,0,9,88,176,211,188,114,131,0,1,21,76,120,132,77,164,0,0,16,49,86,125,186,707
107,166,40,6,0,0,0,0,161,664,512,223,63,9,1,0,46,520,667,490,246,88,21,16,6,217,491,452,352,176,76,49,0,56,246,352,276,211,120,86,0,11,98,172,196,188,132,125,0,4,33,72,105,114,77,186,0,1,11,56,105,131,164,707
91,171,64,11,3,0,0,0,158,740,593,249,61,21,2,0,68,604,812,524,250,75,28,3,14,235,556,589,347,157,64,19,4,63,243,364,322,219,103,44,2,10,80,156,219,186,117,109,0,3,18,56,103,113,96,124,0,0,3,28,53,101,105,347
91,158,68,14,4,2,0,0,171,740,604,235,63,10,3,0,64,593,812,556,243,80,18,3,11,249,524,589,364,156,56,28,3,61,250,347,322,219,103,53,0,21,75,157,219,186,113,101,0,2,28,64,103,117,96,105,0,0,3,19,44,109,124,347
125,163,45,5,0,0,0,0,164,794,591,225,52,8,0,0,45,589,814,586,234,74,23,5,2,215,554,546,386,161,70,32,2,47,248,350,334,218,109,55,0,11,79,197,208,178,109,91,0,1,25,56,83,125,91,132,0,1,5,23,63,112,116,323
125,164,45,2,2,0,0,0,163,794,589,215,47,11,1,1,45,591,814,554,248,79,25,5,5,225,586,546,350,197,56,23,0,52,234,386,334,208,83,63,0,8,74,161,218,178,125,112,0,0,23,70,109,109,91,116,0,0,5,32,55,91,132,323
93,188,66,20,2,1,0,0,196,896,639,224,78,16,2,0,66,652,879,558,228,72,16,1,15,240,547,543,317,153,55,29,3,71,249,337,348,196,97,43,1,11,67,144,228,165,105,81,0,3,20,58,92,129,87,76,0,0,8,22,42,64,100,261
93,196,66,15,3,1,0,0,188,896,652,240,71,11,3,0,66,639,879,547,249,67,20,8,20,224,558,543,337,144,58,22,2,78,228,317,348,228,92,42,1,16,72,153,196,165,129,64,0,2,16,55,97,105,87,100,0,0,1,29,43,81,76,261
122,204,48,2,0,0,0,0,198,951,649,217,33,6,1,0,44,595,896,567,270,79,15,1,4,257,540,524,350,155,52,17,0,47,252,351,317,232,95,57,0,8,64,155,219,162,109,78,0,1,16,58,98,96,101,94,0,1,6,27,51,71,91,246
122,198,44,4,0,0,0,0,204,951,595,257,47,8,1,1,48,649,896,540,252,64,16,6,2,217,567,524,351,155,58,27,0,33,270,350,317,219,98,51,0,6,79,155,232,162,96,71,0,1,15,52,95,109,101,91,0,0,1,17,57,78,94,246
115,160,54,13,10,3,0,0,167,634,410,204,79,23,9,3,42,419,593,417,194,77,42,23,24,195,393,447,312,182,93,55,2,67,201,282,299,193,133,119,3,32,103,184,188,187,132,146,0,10,37,90,103,142,110,220,0,6,18,56,111,173,193,968
115,167,42,24,2,3,0,0,160,634,419,195,67,32,10,6,54,410,593,393,201,103,37,18,13,204,417,447,282,184,90,56,10,79,194,312,299,188,103,111,3,23,77,182,193,187,142,173,0,9,42,93,133,132,110,193,0,3,23,55,119,146,220,968
131,145,54,11,0,1,0,0,148,675,427,199,55,13,7,0,55,423,547,424,232,83,35,15,9,193,420,453,287,194,71,77,2,65,222,287,253,223,115,131,0,11,85,164,216,175,165,165,0,0,38,95,125,146,120,191,0,3,18,69,132,148,199,953
131,148,55,9,2,0,0,0,145,675,423,193,65,11,0,3,54,427,547,420,222,85,38,18,11,199,424,453,287,164,95,69,0,55,232,287,253,216,125,132,1,13,83,194,223,175,146,148,0,7,35,71,115,165,120,199,0,0,15,77,131,165,191,953
66,129,71,13,5,3,0,0,136,608,471,224,65,27,12,5,64,490,650,459,237,89,34,27,21,215,477,446,323,178,74,47,2,65,223,330,304,202,120,124,0,24,95,184,215,195,120,150,0,8,34,60,120,135,123,160,0,2,21,61,102,158,160,737
66,136,64,21,2,0,0,0,129,608,490,215,65,24,8,2,71,471,650,477,223,95,34,21,13,224,459,446,330,184,60,61,5,65,237,323,304,215,120,102,3,27,89,178,202,195,135,158,0,12,34,74,120,120,123,160,0,5,27,47,124,150,160,737
87,147,48,4,1,0,0,0,150,628,497,209,55,12,1,1,40,495,673,462,250,87,24,14,13,226,475,455,314,188,64,38,1,44,231,325,320,228,121,95,0,12,87,197,213,180,145,150,0,3,30,83,127,133,104,164,0,1,11,51,86,150,179,771
87,150,40,13,1,0,0,0,147,628,495,226,44,12,3,1,48,497,673,475,231,87,30,11,4,209,462,455,325,197,83,51,1,55,250,314,320,213,127,86,0,12,87,188,228,180,133,150,0,1,24,64,121,145,104,179,0,1,14,38,95,150,164,771
104,159,41,10,0,0,0,0,146,565,419,195,59,15,5,1,45,422,595,413,249,108,35,13,14,169,438,401,291,189,103,62,1,53,229,312,308,214,125,141,0,17,104,187,209,190,145,175,0,4,37,94,151,133,111,218,0,0,16,56,119,183,226,876
70,148,67,18,4,0,2,0,158,560,407,165,71,23,9,3,55,385,612,417,227,106,56,16,20,198,407,421,304,195,65,58,6,70,215,332,311,221,128,103,1,29,106,163,207,167,157,205,2,6,44,88,135,144,126,207,0,1,25,64,122,179,202,887
104,146,45,14,1,0,0,0,159,565,422,169,53,17,4,0,41,419,595,438,229,104,37,16,10,195,413,401,312,187,94,56,0,59,249,291,308,209,151,119,0,15,108,189,214,190,133,183,0,5,35,103,125,145,111,226,0,1,13,62,141,175,218,876
70,158,55,20,6,1,2,0,148,560,385,198,70,29,6,1,67,407,612,407,215,106,44,25,18,165,417,421,332,163,88,64,4,71,227,304,311,207,135,122,0,23,106,195,221,167,144,179,2,9,56,65,128,157,126,202,0,3,16,58,103,205,207,887
90,126,42,7,4,0,0,0,128,517,386,191,55,18,2,0,36,396,514,413,229,115,33,7,10,187,407,393,300,223,106,71,5,60,249,310,300,193,140,137,0,22,100,185,230,158,132,217,0,0,31,125,136,139,136,227,0,0,9,76,133,200,241,1003
63,128,54,19,4,1,0,0,128,477,403,186,65,26,4,3,58,401,515,410,197,106,36,17,15,175,395,432,314,189,106,80,2,85,215,330,309,200,146,108,0,26,101,173,251,169,150,179,0,9,41,88,124,158,116,258,0,2,25,58,125,197,235,1013
90,128,36,10,5,0,0,0,126,517,396,187,60,22,0,0,42,386,514,407,249,100,31,9,7,191,413,393,310,185,125,76,4,55,229,300,300,230,136,133,0,18,115,223,193,158,139,200,0,2,33,106,140,132,136,241,0,0,7,71,137,217,227,1003
63,128,58,15,2,0,0,0,128,477,401,175,85,26,9,2,54,403,515,395,215,101,41,25,19,186,410,432,330,173,88,58,4,65,197,314,309,251,124,125,1,26,106,189,200,169,158,197,0,4,36,106,146,150,116,235,0,3,17,80,108,179,258,1013
50,94,34,13,1,0,0,0,88,414,352,179,57,27,1,0,42,346,523,438,224,105,36,14,9,187,404,420,336,191,113,79,2,61,251,318,346,228,152,132,0,13,117,199,230,192,148,215,0,4,43,107,154,155,132,250,0,1,7,66,144,209,265,982
40,89,39,20,4,1,0,0,79,390,364,178,69,28,7,5,49,342,527,433,237,96,27,18,16,180,395,478,339,169,98,65,6,79,244,319,328,249,156,111,0,27,95,161,232,224,164,211,0,4,41,89,151,150,163,251,0,3,28,64,137,196,230,1005
50,88,42,9,2,0,0,0,94,414,346,187,61,13,4,1,34,352,523,404,251,117,43,7,13,179,438,420,318,199,107,66,1,57,224,336,346,230,154,144,0,27,105,191,228,192,155,209,0,1,36,113,152,148,132,265,0,0,14,79,132,215,250,982
40,79,49,16,6,0,0,0,89,390,342,180,79,27,4,3,39,364,527,395,244,95,41,28,20,178,433,478,319,161,89,64,4,69,237,339,328,232,151,137,1,28,96,169,249,224,150,196,0,7,27,98,156,164,163,230,0,5,18,65,111,211,251,1005
70,112,29,12,1,0,0,0,113,520,412,184,61,19,3,1,36,396,582,406,200,103,46,22,4,199,422,451,280,173,115,71,1,68,202,310,271,196,123,121,0,13,94,204,200,198,151,186,0,3,36,87,127,163,146,258,0,2,18,62,150,201,234,1032
46,75,38,23,6,2,1,0,81,453,325,186,76,23,5,3,43,344,472,388,199,83,39,29,12,167,355,393,302,204,96,89,4,74,219,263,288,214,145,155,1,26,114,192,208,218,160,204,0,5,44,100,135,170,136,262,0,2,19,78,147,217,270,1272
69,110,41,9,3,4,0,0,106,368,321,168,80,37,7,5,50,348,490,331,210,102,51,37,10,171,367,397,273,154,96,91,9,74,221,295,286,195,149,132,3,25,104,180,189,190,129,227,0,5,33,101,145,150,140,243,0,7,35,82,176,201,244,1424
90,159,60,19,5,0,2,0,165,571,423,204,78,21,6,4,71,428,595,381,218,93,37,24,9,209,422,411,308,167,87,49,2,73,220,304,260,208,127,110,0,22,83,205,200,209,125,147,0,6,30,82,115,141,138,205,0,4,19,55,119,147,199,1029
116,136,53,6,0,0,0,0,152,545,466,197,56,6,1,0,34,479,729,528,305,109,31,2,6,199,560,536,357,187,74,35,1,46,277,360,322,236,139,85,1,10,104,202,226,170,135,137,0,1,21,99,117,137,116,166,0,0,6,36,84,150,159,452
33,84,44,18,3,1,0,0,86,379,319,168,71,33,9,9,44,319,468,365,209,119,54,30,17,170,368,415,294,177,108,93,2,80,211,313,310,207,134,126,1,28,117,191,205,215,149,223,0,13,47,92,137,156,125,266,0,3,36,82,160,223,258,1283
29,72,28,18,4,0,0,1,77,441,384,164,75,19,7,0,27,381,541,420,240,115,37,22,15,168,419,420,335,172,99,61,4,69,237,335,308,222,136,124,1,18,88,185,227,207,153,200,0,5,55,95,128,157,108,261,0,2,29,62,128,186,269,1110
125,163,45,5,0,0,0,0,164,794,591,225,52,8,0,0,45,589,814,586,234,74,23,5,2,215,554,546,386,161,70,32,2,47,248,350,334,218,109,55,0,11,79,197,208,178,109,91,0,1,25,56,83,125,91,132,0,1,5,23,63,112,116,323
