3350,1302,13,0,0,0,0,0,1293,2879,374,1,0,0,0,0,16,367,286,8,0,0,0,0,0,0,9,2,0,0,0,0,0,0,0,0,0,0,0,0,0,0,0,0,0,0,0,0,0,0,0,0,0,0,0,0,0,0,0,0,0,0,0,0
3130,1489,40,0,0,0,0,0,1494,2689,366,2,0,0,0,0,32,374,264,9,0,0,0,0,0,4,7,0,0,0,0,0,0,0,0,0,0,0,0,0,0,0,0,0,0,0,0,0,0,0,0,0,0,0,0,0,0,0,0,0,0,0,0,0
3350,1293,16,0,0,0,0,0,1302,2879,367,0,0,0,0,0,13,374,286,9,0,0,0,0,0,1,8,2,0,0,0,0,0,0,0,0,0,0,0,0,0,0,0,0,0,0,0,0,0,0,0,0,0,0,0,0,0,0,0,0,0,0,0,0
3130,1494,32,0,0,0,0,0,1489,2689,374,4,0,0,0,0,40,366,264,7,0,0,0,0,0,2,9,0,0,0,0,0,0,0,0,0,0,0,0,0,0,0,0,0,0,0,0,0,0,0,0,0,0,0,0,0,0,0,0,0,0,0,0,0
2746,1417,41,0,0,0,0,0,1404,2865,431,9,1,0,0,0,34,415,331,51,1,2,1,0,0,13,40,22,8,2,1,0,0,0,2,3,9,3,3,1,0,0,0,1,3,2,2,3,0,0,0,0,4,1,1,4,0,0,0,0,0,2,6,15
2746,1404,34,0,0,0,0,0,1417,2865,415,13,0,0,0,0,41,431,331,40,2,0,0,0,0,9,51,22,3,1,0,0,0,1,1,8,9,3,4,0,0,0,2,2,3,2,1,2,0,0,1,1,3,2,1,6,0,0,0,0,1,3,4,15
2918,1256,14,4,0,0,0,0,1258,3014,418,9,5,0,0,0,16,409,369,36,7,4,1,1,1,15,38,21,1,1,2,7,0,6,3,6,3,2,5,1,0,1,1,4,3,0,2,1,0,0,1,3,4,3,1,2,0,0,1,3,3,2,3,11
2918,1258,16,1,0,0,0,0,1256,3014,409,15,6,1,0,0,14,418,369,38,3,1,1,1,4,9,36,21,6,4,3,3,0,5,7,1,3,3,4,3,0,0,4,1,2,0,3,2,0,0,1,2,5,2,1,3,0,0,1,7,1,1,2,11
2381,1413,47,0,0,0,0,0,1381,2892,515,22,0,1,0,0,49,495,441,52,10,1,0,0,0,18,39,38,15,4,1,2,0,0,7,13,18,1,0,3,0,0,0,2,2,3,5,2,0,0,0,1,0,4,1,3,0,0,0,0,2,2,4,10
2381,1381,49,0,0,0,0,0,1413,2892,495,18,0,0,0,0,47,515,441,39,7,0,0,0,0,22,52,38,13,2,1,0,0,0,10,15,18,2,0,2,0,1,1,4,1,3,4,2,0,0,0,1,0,5,1,4,0,0,0,2,3,2,3,10
2570,1231,21,0,0,0,0,0,1241,3033,490,27,3,1,1,0,22,513,457,52,9,3,1,1,0,16,57,33,20,1,1,2,0,2,20,10,6,5,3,1,0,0,3,3,1,4,2,3,0,0,0,1,4,2,2,2,0,0,0,4,4,0,1,11
2570,1241,22,0,0,0,0,0,1231,3033,513,16,2,0,0,0,21,490,457,57,20,3,0,0,0,27,52,33,10,3,1,4,0,3,9,20,6,1,4,4,0,1,3,1,5,4,2,0,0,1,1,1,3,2,2,1,0,0,1,2,1,3,2,11
3038,1456,34,0,0,0,0,0,1436,2736,384,3,0,0,0,0,45,366,309,33,1,0,0,0,0,11,26,16,1,0,0,0,0,0,0,2,1,1,0,0,0,0,0,0,1,0,0,0,0,0,0,0,0,0,0,0,0,0,0,0,0,0,0,0
3038,1436,45,0,0,0,0,0,1456,2736,366,11,0,0,0,0,34,384,309,26,0,0,0,0,0,3,33,16,2,0,0,0,0,0,1,1,1,1,0,0,0,0,0,0,1,0,0,0,0,0,0,0,0,0,0,0,0,0,0,0,0,0,0,0
3191,1315,16,0,0,0,0,0,1304,2875,384,8,0,0,0,0,13,385,319,29,2,0,0,0,0,6,31,16,1,0,0,0,0,0,2,0,1,1,0,0,0,0,0,1,0,0,0,0,0,0,0,0,0,0,0,0,0,0,0,0,0,0,0,0
3191,1304,13,0,0,0,0,0,1315,2875,385,6,0,0,0,0,16,384,319,31,2,0,0,0,0,8,29,16,0,1,0,0,0,0,2,1,1,0,0,0,0,0,0,0,1,0,0,0,0,0,0,0,0,0,0,0,0,0,0,0,0,0,0,0
2805,1428,58,0,0,0,0,0,1459,2693,438,17,0,0,0,0,55,454,304,36,5,0,1,0,0,20,35,19,11,1,0,0,0,1,9,10,17,2,1,0,0,0,1,2,1,3,3,0,0,0,0,1,1,2,1,2,0,0,0,0,1,0,1,2
2805,1459,55,0,0,0,0,0,1428,2693,454,20,1,0,0,0,58,438,304,35,9,1,0,0,0,17,36,19,10,2,1,0,0,0,5,11,17,1,1,1,0,0,0,1,2,3,2,0,0,0,1,0,1,3,1,1,0,0,0,0,0,0,2,2
3010,1269,25,0,0,0,0,0,1265,2903,412,13,1,0,0,0,22,410,369,43,13,0,0,0,1,15,39,14,12,2,1,0,0,4,9,13,3,8,3,0,0,0,0,2,7,0,0,1,0,0,0,1,2,0,3,1,0,0,0,0,2,0,0,2
3010,1265,22,1,0,0,0,0,1269,2903,410,15,4,0,0,0,25,412,369,39,9,0,0,0,0,13,43,14,13,2,1,0,0,1,13,12,3,7,2,2,0,0,0,2,8,0,0,0,0,0,0,1,3,0,3,0,0,0,0,0,0,1,1,2
2914,1482,29,1,0,0,0,0,1482,2817,417,4,0,0,0,0,35,411,263,17,0,0,0,0,0,3,19,4,1,0,0,0,0,0,1,0,0,0,0,0,0,0,0,0,0,0,0,0,0,0,0,0,0,0,0,0,0,0,0,0,0,0,0,0
2914,1482,35,0,0,0,0,0,1482,2817,411,3,0,0,0,0,29,417,263,19,1,0,0,0,1,4,17,4,0,0,0,0,0,0,0,1,0,0,0,0,0,0,0,0,0,0,0,0,0,0,0,0,0,0,0,0,0,0,0,0,0,0,0,0
3121,1289,13,0,0,0,0,0,1283,3059,377,5,0,0,0,0,18,372,319,16,1,0,0,0,0,4,17,5,0,0,0,0,0,0,0,1,0,0,0,0,0,0,0,0,0,0,0,0,0,0,0,0,0,0,0,0,0,0,0,0,0,0,0,0
3121,1283,18,0,0,0,0,0,1289,3059,372,4,0,0,0,0,13,377,319,17,0,0,0,0,0,5,16,5,1,0,0,0,0,0,1,0,0,0,0,0,0,0,0,0,0,0,0,0,0,0,0,0,0,0,0,0,0,0,0,0,0,0,0,0
1964,1339,58,3,0,0,0,0,1314,3044,637,29,6,0,0,0,52,631,501,72,11,3,1,0,1,19,68,41,16,4,2,2,0,1,13,9,15,5,1,0,0,0,1,5,2,1,3,4,0,0,1,0,1,2,0,3,0,0,0,2,0,2,2,9
1964,1314,52,1,0,0,0,0,1339,3044,631,19,1,0,0,0,58,637,501,68,13,1,1,0,3,29,72,41,9,5,0,2,0,6,11,16,15,2,1,0,0,0,3,4,5,1,2,2,0,0,1,2,1,3,0,2,0,0,0,2,0,4,3,9
2138,1189,34,1,1,0,0,0,1186,3174,614,32,4,0,0,0,26,629,536,66,12,2,1,0,0,19,79,45,10,4,1,2,0,3,12,13,12,4,1,6,0,0,3,2,6,4,2,0,0,0,2,0,4,2,0,1,0,0,0,2,2,1,4,9
2138,1186,26,0,0,0,0,0,1189,3174,629,19,3,0,0,0,34,614,536,79,12,3,2,0,1,32,66,45,13,2,0,2,1,4,12,10,12,6,4,2,0,0,2,4,4,4,2,1,0,0,1,1,1,2,0,4,0,0,0,2,6,0,1,9
2276,1346,42,0,0,0,1,1,1339,2789,550,27,1,1,0,0,38,552,497,55,8,7,1,3,1,20,63,40,15,6,2,0,0,2,7,16,13,1,2,7,1,1,4,6,5,5,5,9,1,1,1,3,1,7,3,6,0,0,2,1,5,9,9,86
2276,1339,38,1,0,1,1,0,1346,2789,552,20,2,1,1,0,42,550,497,63,7,4,1,2,0,27,55,40,16,6,3,1,0,1,8,15,13,5,1,5,0,1,7,6,1,5,7,9,1,0,1,2,2,5,3,9,1,0,3,0,7,9,6,86
2400,1220,34,1,1,0,0,0,1211,2939,532,20,3,2,0,0,32,535,509,64,12,11,4,3,2,16,73,38,5,6,2,6,0,2,10,13,8,3,3,9,1,3,2,3,9,7,2,9,2,0,4,4,2,1,2,8,0,1,5,5,8,6,10,77
2400,1211,32,2,0,1,2,0,1220,2939,535,16,2,3,0,1,34,532,509,73,10,2,4,5,1,20,64,38,13,3,4,5,1,3,12,5,8,9,2,8,0,2,11,6,3,7,1,6,0,0,4,2,3,2,2,10,0,0,3,6,9,9,8,77
2146,1338,55,1,0,0,0,0,1346,2923,625,20,0,0,0,0,52,625,545,61,4,0,2,0,0,19,60,33,8,2,0,0,0,1,5,6,5,2,0,0,0,1,0,0,2,1,0,2,0,1,0,0,1,1,1,0,0,0,0,0,0,1,1,4
2146,1346,52,0,0,0,0,0,1338,2923,625,19,1,1,1,0,55,625,545,60,5,0,0,0,1,20,61,33,6,0,0,0,0,0,4,8,5,2,1,0,0,0,0,2,2,1,1,1,0,0,2,0,0,0,1,1,0,0,0,0,0,2,0,4
2254,1249,22,0,0,0,0,0,1248,3025,631,18,2,0,0,0,37,611,573,64,4,1,0,0,0,22,61,31,9,0,1,0,0,0,5,7,1,3,2,2,0,0,1,3,1,1,0,1,0,0,0,0,1,1,1,1,0,0,0,1,2,1,0,2
2254,1248,37,0,0,0,0,0,1249,3025,611,22,0,0,0,0,22,631,573,61,5,1,0,0,0,18,64,31,7,3,0,1,0,2,4,9,1,1,1,2,0,0,1,0,3,1,1,1,0,0,0,1,2,0,1,0,0,0,0,0,2,1,1,2
2232,1380,49,0,0,0,0,0,1400,2985,573,16,0,0,0,0,44,578,487,48,0,0,0,0,0,13,48,40,3,0,0,0,0,0,1,2,1,0,0,0,0,0,0,0,0,0,0,0,0,0,0,0,0,0,0,0,0,0,0,0,0,0,0,0
2232,1400,44,0,0,0,0,0,1380,2985,578,13,0,0,0,0,49,573,487,48,1,0,0,0,0,16,48,40,2,0,0,0,0,0,0,3,1,0,0,0,0,0,0,0,0,0,0,0,0,0,0,0,0,0,0,0,0,0,0,0,0,0,0,0
2359,1284,29,0,0,0,0,0,1269,3100,582,8,0,0,0,0,34,573,486,66,1,0,0,0,0,10,63,30,2,0,0,0,0,0,1,2,1,0,0,0,0,0,0,0,0,0,0,0,0,0,0,0,0,0,0,0,0,0,0,0,0,0,0,0
2359,1269,34,0,0,0,0,0,1284,3100,573,10,0,0,0,0,29,582,486,63,1,0,0,0,0,8,66,30,2,0,0,0,0,0,1,2,1,0,0,0,0,0,0,0,0,0,0,0,0,0,0,0,0,0,0,0,0,0,0,0,0,0,0,0
3108,1313,17,0,0,0,0,0,1321,2922,404,2,0,0,0,0,11,406,344,20,0,0,0,0,0,3,18,9,1,0,0,0,0,0,1,0,0,0,0,0,0,0,0,0,0,0,0,0,0,0,0,0,0,0,0,0,0,0,0,0,0,0,0,0
2911,1468,51,0,0,0,0,0,1488,2770,397,3,0,0,0,0,34,405,318,22,1,0,0,0,0,5,21,5,0,0,0,0,0,0,0,1,0,0,0,0,0,0,0,0,0,0,0,0,0,0,0,0,0,0,0,0,0,0,0,0,0,0,0,0
3108,1321,11,0,0,0,0,0,1313,2922,406,3,0,0,0,0,17,404,344,18,1,0,0,0,0,2,20,9,0,0,0,0,0,0,0,1,0,0,0,0,0,0,0,0,0,0,0,0,0,0,0,0,0,0,0,0,0,0,0,0,0,0,0,0
2911,1488,34,0,0,0,0,0,1468,2770,405,5,0,0,0,0,51,397,318,21,0,0,0,0,0,3,22,5,1,0,0,0,0,0,1,0,0,0,0,0,0,0,0,0,0,0,0,0,0,0,0,0,0,0,0,0,0,0,0,0,0,0,0,0
2176,1374,47,0,0,0,0,0,1345,2853,597,30,3,0,0,0,60,578,473,75,5,2,0,1,1,17,73,43,19,6,2,3,1,1,9,13,9,5,5,3,0,0,0,4,5,2,3,2,0,0,0,3,3,1,3,6,0,0,1,1,4,1,4,28
2176,1345,60,1,1,0,0,0,1374,2853,578,17,1,0,0,0,47,597,473,73,9,0,0,1,0,30,75,43,13,4,3,1,0,3,5,19,9,5,3,4,0,0,2,6,5,2,1,1,0,0,0,2,5,3,3,4,0,0,1,3,3,2,6,28
2176,1345,60,1,1,0,0,0,1374,2853,578,17,1,0,0,0,47,597,473,73,9,0,0,1,0,30,75,43,13,4,3,1,0,3,5,19,9,5,3,4,0,0,2,6,5,2,1,1,0,0,0,2,5,3,3,4,0,0,1,3,3,2,6,28
2345,1228,30,1,0,0,0,0,1244,3003,546,17,3,2,0,0,20,548,515,85,15,1,1,2,0,24,80,47,7,3,5,3,2,4,9,15,8,3,3,4,0,1,4,1,5,2,2,2,0,0,2,2,5,0,1,7,0,0,1,1,5,6,5,25
2092,1370,69,0,0,0,0,0,1355,2883,593,32,3,0,0,0,65,581,563,75,5,2,0,0,1,26,74,41,12,5,0,0,0,0,6,12,13,3,0,0,0,0,0,5,2,2,1,2,0,0,1,1,0,0,1,0,0,0,0,0,1,0,1,2
2092,1355,65,1,0,0,0,0,1370,2883,581,26,0,0,0,0,69,593,563,74,6,0,1,0,0,32,75,41,12,5,1,0,0,3,5,12,13,2,0,1,0,0,2,5,3,2,0,0,0,0,0,0,0,1,1,1,0,0,0,0,0,2,0,2
2261,1221,29,0,0,0,0,0,1229,3019,594,19,2,0,0,0,29,606,583,76,9,1,1,0,0,20,76,55,8,6,0,1,0,1,13,10,9,3,0,0,0,0,1,2,7,1,0,1,0,0,0,2,0,0,0,1,0,0,0,0,0,1,2,1
2261,1229,29,0,0,0,0,0,1221,3019,606,20,1,0,0,0,29,594,583,76,13,1,0,0,0,19,76,55,10,2,2,0,0,2,9,8,9,7,0,0,0,0,1,6,3,1,0,1,0,0,1,0,0,0,0,2,0,0,0,1,0,1,1,1
2199,1263,88,5,0,0,0,0,1252,2801,561,47,6,0,0,0,85,558,487,92,11,4,0,2,3,46,78,68,29,6,2,5,0,1,19,17,18,5,6,5,0,1,3,6,3,10,3,4,0,0,0,4,4,4,5,8,0,1,5,1,1,4,10,54
2199,1252,85,3,0,0,0,0,1263,2801,558,46,1,1,0,1,88,561,487,78,19,3,0,5,5,47,92,68,17,6,4,1,0,6,11,29,18,3,4,1,0,0,4,6,5,10,4,4,0,0,0,2,6,3,5,10,0,0,2,5,5,4,8,54
2339,1178,27,0,0,0,0,0,1170,2896,567,32,4,0,0,1,31,564,521,103,13,6,0,3,0,29,108,62,25,7,3,2,0,3,12,23,13,9,6,6,0,0,1,9,8,7,3,5,0,1,2,5,2,1,5,10,0,0,2,6,7,3,9,51
2339,1170,31,0,0,0,0,0,1178,2896,564,29,3,0,1,0,27,567,521,108,12,1,2,2,0,32,103,62,23,9,5,6,0,4,13,25,13,8,2,7,0,0,6,7,9,7,1,3,0,0,0,3,6,3,5,9,0,1,3,2,6,5,10,51
2432,1394,39,0,0,0,0,0,1393,2921,511,18,0,0,0,0,44,512,459,47,1,0,0,0,0,10,53,49,3,2,0,0,0,0,0,4,5,0,0,0,0,0,0,1,1,1,0,0,0,0,0,0,0,0,0,0,0,0,0,0,0,0,0,0
2432,1393,44,0,0,0,0,0,1394,2921,512,10,0,0,0,0,39,511,459,53,0,0,0,0,0,18,47,49,4,1,0,0,0,0,1,3,5,1,0,0,0,0,0,2,0,1,0,0,0,0,0,0,0,0,0,0,0,0,0,0,0,0,0,0
2583,1248,27,0,0,0,0,0,1263,3076,495,16,1,0,0,0,23,498,474,60,3,1,0,0,1,14,64,34,6,0,0,0,0,0,2,7,0,1,0,0,0,0,0,2,0,1,0,0,0,0,0,0,0,0,0,0,0,0,0,0,0,0,0,0
2583,1263,23,1,0,0,0,0,1248,3076,498,14,0,0,0,0,27,495,474,64,2,0,0,0,0,16,60,34,7,2,0,0,0,1,3,6,0,0,0,0,0,0,1,0,1,1,0,0,0,0,0,0,0,0,0,0,0,0,0,0,0,0,0,0
2219,1416,48,0,0,0,0,0,1372,2860,598,17,0,0,0,0,70,570,490,71,1,2,0,0,1,12,70,40,8,2,0,0,0,0,1,7,1,3,1,0,0,0,2,0,2,4,2,2,0,0,1,0,1,1,2,0,0,0,0,0,0,2,0,1
2219,1372,70,1,0,0,0,0,1416,2860,570,12,0,0,0,0,48,598,490,70,1,2,1,0,0,17,71,40,7,0,0,0,0,0,1,8,1,2,1,0,0,0,2,2,3,4,1,2,0,0,0,0,1,2,2,0,0,0,0,0,0,2,0,1
2392,1234,28,0,0,0,0,0,1253,3030,563,17,0,0,0,0,26,575,548,60,2,2,0,0,2,13,63,46,7,3,1,0,0,0,2,4,2,3,2,0,0,1,1,6,2,2,2,0,0,0,0,0,0,3,0,2,0,0,0,1,0,1,0,1
2392,1253,26,2,0,0,0,0,1234,3030,575,13,0,1,0,0,28,563,548,63,2,1,0,0,0,17,60,46,4,6,0,1,0,0,2,7,2,2,0,0,0,0,2,3,3,2,3,1,0,0,0,1,2,2,0,0,0,0,0,0,0,0,2,1
2249,1374,51,1,0,0,0,0,1377,2929,559,17,0,0,0,0,53,549,496,75,2,0,0,0,0,23,62,42,7,5,0,0,0,1,8,2,1,3,0,0,0,0,1,1,4,2,0,2,0,0,0,1,0,0,0,0,0,0,0,0,1,0,1,1
2249,1377,53,0,0,0,0,0,1374,2929,549,23,1,0,0,0,51,559,496,62,8,1,0,0,1,17,75,42,2,1,1,0,0,0,2,7,1,4,0,1,0,0,0,5,3,2,0,0,0,0,0,0,0,0,0,1,0,0,0,0,0,2,0,1
2399,1277,18,0,0,0,0,0,1269,3022,552,17,1,0,0,0,25,568,510,73,1,0,0,0,1,11,85,35,4,3,0,0,0,0,4,6,4,1,0,0,0,0,0,4,2,4,0,0,0,0,1,0,0,0,0,0,0,0,0,1,0,0,1,1
2399,1269,25,1,0,0,0,0,1277,3022,568,11,0,0,0,0,18,552,510,85,4,0,1,0,0,17,73,35,6,4,0,1,0,1,1,4,4,2,0,0,0,0,0,3,1,4,0,0,0,0,0,0,0,0,0,1,0,0,0,0,0,0,0,1
2559,1401,47,0,0,0,0,0,1412,2720,536,18,0,0,0,0,41,537,432,66,3,0,0,0,1,17,66,37,2,0,0,0,0,0,2,3,0,0,0,0,0,0,0,0,0,0,0,0,0,0,0,0,0,0,0,0,0,0,0,0,0,0,0,0
2559,1412,41,1,0,0,0,0,1401,2720,537,17,0,0,0,0,47,536,432,66,2,0,0,0,0,18,66,37,3,0,0,0,0,0,3,2,0,0,0,0,0,0,0,0,0,0,0,0,0,0,0,0,0,0,0,0,0,0,0,0,0,0,0,0
2725,1273,18,0,0,0,0,0,1283,2867,513,15,0,0,0,0,20,518,480,58,1,0,0,0,0,10,66,44,4,0,0,0,0,0,1,4,0,0,0,0,0,0,0,0,0,0,0,0,0,0,0,0,0,0,0,0,0,0,0,0,0,0,0,0
2725,1283,20,0,0,0,0,0,1273,2867,518,10,0,0,0,0,18,513,480,66,1,0,0,0,0,15,58,44,4,0,0,0,0,0,1,4,0,0,0,0,0,0,0,0,0,0,0,0,0,0,0,0,0,0,0,0,0,0,0,0,0,0,0,0
1991,1395,72,4,2,0,0,0,1393,2866,668,44,2,1,0,0,91,666,450,65,7,0,0,0,3,32,80,30,5,0,2,0,0,4,7,4,2,1,0,1,0,1,1,1,0,0,0,0,0,0,1,1,0,1,3,1,0,0,0,0,0,0,2,0
1991,1393,91,3,0,0,0,0,1395,2866,666,32,4,1,0,0,72,668,450,80,7,1,1,0,4,44,65,30,4,1,1,0,2,2,7,5,2,0,0,0,0,1,0,0,1,0,1,0,0,0,0,2,0,0,3,2,0,0,0,0,1,0,1,0
2221,1231,24,0,0,0,0,0,1210,3128,607,21,1,0,0,0,27,584,571,85,5,1,1,0,0,24,79,40,8,0,1,0,0,2,6,6,2,1,2,0,0,0,1,0,1,0,1,0,0,0,1,1,1,1,2,1,0,0,0,0,1,0,0,1
2221,1210,27,0,0,0,0,0,1231,3128,584,24,2,0,0,0,24,607,571,79,6,1,1,0,0,21,85,40,6,0,1,0,0,1,5,8,2,1,1,1,0,0,1,0,1,0,1,0,0,0,1,1,2,1,2,0,0,0,0,0,0,0,1,1
2823,1481,50,0,0,0,0,0,1485,2810,431,6,0,0,0,0,36,438,285,23,0,0,0,0,0,3,26,3,0,0,0,0,0,0,0,0,0,0,0,0,0,0,0,0,0,0,0,0,0,0,0,0,0,0,0,0,0,0,0,0,0,0,0,0
2823,1485,36,0,0,0,0,0,1481,2810,438,3,0,0,0,0,50,431,285,26,0,0,0,0,0,6,23,3,0,0,0,0,0,0,0,0,0,0,0,0,0,0,0,0,0,0,0,0,0,0,0,0,0,0,0,0,0,0,0,0,0,0,0,0
3028,1311,16,0,0,0,0,0,1299,3015,409,3,0,0,0,0,19,407,340,21,0,0,0,0,0,3,21,8,0,0,0,0,0,0,0,0,0,0,0,0,0,0,0,0,0,0,0,0,0,0,0,0,0,0,0,0,0,0,0,0,0,0,0,0
3028,1299,19,0,0,0,0,0,1311,3015,407,3,0,0,0,0,16,409,340,21,0,0,0,0,0,3,21,8,0,0,0,0,0,0,0,0,0,0,0,0,0,0,0,0,0,0,0,0,0,0,0,0,0,0,0,0,0,0,0,0,0,0,0,0
2524,1421,42,0,0,0,0,0,1409,2864,549,12,0,0,0,0,59,528,394,37,0,0,0,0,0,11,38,12,0,0,0,0,0,0,0,0,0,0,0,0,0,0,0,0,0,0,0,0,0,0,0,0,0,0,0,0,0,0,0,0,0,0,0,0
2524,1409,59,0,0,0,0,0,1421,2864,528,11,0,0,0,0,42,549,394,38,0,0,0,0,0,12,37,12,0,0,0,0,0,0,0,0,0,0,0,0,0,0,0,0,0,0,0,0,0,0,0,0,0,0,0,0,0,0,0,0,0,0,0,0
2707,1269,15,0,0,0,0,0,1256,3051,525,6,0,0,0,0,21,514,442,34,0,0,0,0,0,6,34,20,0,0,0,0,0,0,0,0,0,0,0,0,0,0,0,0,0,0,0,0,0,0,0,0,0,0,0,0,0,0,0,0,0,0,0,0
2707,1256,21,0,0,0,0,0,1269,3051,514,6,0,0,0,0,15,525,442,34,0,0,0,0,0,6,34,20,0,0,0,0,0,0,0,0,0,0,0,0,0,0,0,0,0,0,0,0,0,0,0,0,0,0,0,0,0,0,0,0,0,0,0,0
3229,1323,18,0,0,0,0,0,1329,2863,379,2,0,0,0,0,9,387,324,16,0,0,0,0,0,2,14,5,0,0,0,0,0,0,0,0,0,0,0,0,0,0,0,0,0,0,0,0,0,0,0,0,0,0,0,0,0,0,0,0,0,0,0,0
3079,1456,39,0,0,0,0,0,1442,2728,390,1,0,0,0,0,40,390,293,19,0,0,0,0,0,2,19,2,0,0,0,0,0,0,0,0,0,0,0,0,0,0,0,0,0,0,0,0,0,0,0,0,0,0,0,0,0,0,0,0,0,0,0,0
3229,1329,9,0,0,0,0,0,1323,2863,387,2,0,0,0,0,18,379,324,14,0,0,0,0,0,2,16,5,0,0,0,0,0,0,0,0,0,0,0,0,0,0,0,0,0,0,0,0,0,0,0,0,0,0,0,0,0,0,0,0,0,0,0,0
3079,1442,40,0,0,0,0,0,1456,2728,390,2,0,0,0,0,39,390,293,19,0,0,0,0,0,1,19,2,0,0,0,0,0,0,0,0,0,0,0,0,0,0,0,0,0,0,0,0,0,0,0,0,0,0,0,0,0,0,0,0,0,0,0,0
2348,1488,58,0,0,0,0,0,1503,2819,545,15,0,0,0,0,54,549,397,41,1,0,0,0,0,18,40,21,1,0,0,0,0,0,1,1,0,0,0,0,0,0,0,0,0,0,0,0,0,0,0,0,0,0,0,0,0,0,0,0,0,0,0,0
2348,1503,54,0,0,0,0,0,1488,2819,549,18,0,0,0,0,58,545,397,40,1,0,0,0,0,15,41,21,1,0,0,0,0,0,1,1,0,0,0,0,0,0,0,0,0,0,0,0,0,0,0,0,0,0,0,0,0,0,0,0,0,0,0,0
2593,1290,23,0,0,0,0,0,1294,3067,498,8,1,0,0,0,26,499,469,50,0,0,0,0,0,12,46,22,0,0,0,0,0,0,1,0,1,0,0,0,0,0,0,0,0,0,0,0,0,0,0,0,0,0,0,0,0,0,0,0,0,0,0,0
2593,1294,26,0,0,0,0,0,1290,3067,499,12,0,0,0,0,23,498,469,46,1,0,0,0,0,8,50,22,0,0,0,0,0,1,0,0,1,0,0,0,0,0,0,0,0,0,0,0,0,0,0,0,0,0,0,0,0,0,0,0,0,0,0,0
2749,1481,42,1,0,0,0,0,1461,2889,424,12,0,0,0,0,49,430,330,7,0,0,0,0,0,9,11,5,0,0,0,0,0,0,0,0,0,0,0,0,0,0,0,0,0,0,0,0,0,0,0,0,0,0,0,0,0,0,0,0,0,0,0,0
2749,1461,49,0,0,0,0,0,1481,2889,430,9,0,0,0,0,42,424,330,11,0,0,0,0,1,12,7,5,0,0,0,0,0,0,0,0,0,0,0,0,0,0,0,0,0,0,0,0,0,0,0,0,0,0,0,0,0,0,0,0,0,0,0,0
2938,1307,10,0,0,0,0,0,1326,3072,403,3,0,0,0,0,12,415,375,14,0,0,0,0,0,3,14,8,0,0,0,0,0,0,0,0,0,0,0,0,0,0,0,0,0,0,0,0,0,0,0,0,0,0,0,0,0,0,0,0,0,0,0,0
2938,1326,12,0,0,0,0,0,1307,3072,415,3,0,0,0,0,10,403,375,14,0,0,0,0,0,3,14,8,0,0,0,0,0,0,0,0,0,0,0,0,0,0,0,0,0,0,0,0,0,0,0,0,0,0,0,0,0,0,0,0,0,0,0,0
2474,1378,48,0,0,0,0,0,1375,2779,559,21,1,1,0,0,48,554,437,49,3,1,1,0,0,14,52,44,11,4,0,1,0,0,2,10,5,2,0,1,0,0,1,3,0,1,1,3,0,0,0,0,1,0,1,3,0,0,0,0,0,1,2,8
2474,1375,48,0,0,0,0,0,1378,2779,554,14,0,0,0,0,48,559,437,52,2,1,0,0,0,21,49,44,10,3,0,0,0,1,3,11,5,0,1,0,0,1,1,4,2,1,0,1,0,0,1,0,0,1,1,2,0,0,0,1,1,3,3,8
2607,1270,15,2,0,0,0,0,1248,2921,536,22,2,2,0,0,35,523,474,59,2,0,0,2,1,20,58,34,10,1,2,2,0,1,6,7,4,1,2,0,0,0,4,2,0,2,0,2,0,0,0,1,0,2,1,1,0,0,1,1,3,2,0,9
2607,1248,35,1,0,0,0,0,1270,2921,523,20,1,0,0,0,15,536,474,58,6,4,0,1,2,22,59,34,7,2,1,1,0,2,2,10,4,0,0,3,0,2,0,1,1,2,2,2,0,0,0,2,2,0,1,0,0,0,2,2,0,2,1,9
2505,1437,47,0,0,0,0,0,1429,3018,449,13,0,0,0,0,51,442,396,35,0,0,0,0,0,11,37,22,4,0,0,0,0,0,0,4,0,0,0,0,0,0,0,0,0,0,0,0,0,0,0,0,0,0,0,0,0,0,0,0,0,0,0,0
2505,1429,51,0,0,0,0,0,1437,3018,442,11,0,0,0,0,47,449,396,37,0,0,0,0,0,13,35,22,4,0,0,0,0,0,0,4,0,0,0,0,0,0,0,0,0,0,0,0,0,0,0,0,0,0,0,0,0,0,0,0,0,0,0,0
2635,1328,18,0,0,0,0,0,1342,3089,468,11,1,0,0,0,16,477,403,34,0,0,0,0,0,8,40,25,1,0,0,0,0,0,1,2,1,0,0,0,0,0,0,0,0,0,0,0,0,0,0,0,0,0,0,0,0,0,0,0,0,0,0,0
2635,1342,16,0,0,0,0,0,1328,3089,477,8,0,0,0,0,18,468,403,40,1,0,0,0,0,11,34,25,2,0,0,0,0,1,0,1,1,0,0,0,0,0,0,0,0,0,0,0,0,0,0,0,0,0,0,0,0,0,0,0,0,0,0,0
2489,1377,52,0,0,0,0,0,1379,3062,493,6,0,0,0,0,43,489,412,38,1,0,0,0,0,5,36,15,1,0,0,0,0,0,0,2,0,0,0,0,0,0,0,0,0,0,0,0,0,0,0,0,0,0,0,0,0,0,0,0,0,0,0,0
2489,1379,43,0,0,0,0,0,1377,3062,489,5,0,0,0,0,52,493,412,36,0,0,0,0,0,6,38,15,2,0,0,0,0,0,1,1,0,0,0,0,0,0,0,0,0,0,0,0,0,0,0,0,0,0,0,0,0,0,0,0,0,0,0,0
2581,1302,18,0,0,0,0,0,1318,3131,486,3,0,0,0,0,19,495,449,34,1,0,0,0,0,4,38,18,1,0,0,0,0,0,0,2,0,0,0,0,0,0,0,0,0,0,0,0,0,0,0,0,0,0,0,0,0,0,0,0,0,0,0,0
2581,1318,19,0,0,0,0,0,1302,3131,495,4,0,0,0,0,18,486,449,38,0,0,0,0,0,3,34,18,2,0,0,0,0,0,1,1,0,0,0,0,0,0,0,0,0,0,0,0,0,0,0,0,0,0,0,0,0,0,0,0,0,0,0,0
2625,1377,57,1,0,0,0,0,1374,2891,496,12,0,0,0,0,49,502,381,48,0,0,0,0,1,12,46,24,2,0,0,0,0,0,2,0,0,0,0,0,0,0,0,0,0,0,0,0,0,0,0,0,0,0,0,0,0,0,0,0,0,0,0,0
2625,1374,49,1,0,0,0,0,1377,2891,502,12,0,0,0,0,57,496,381,46,2,0,0,0,1,12,48,24,0,0,0,0,0,0,0,2,0,0,0,0,0,0,0,0,0,0,0,0,0,0,0,0,0,0,0,0,0,0,0,0,0,0,0,0
2730,1304,23,0,0,0,0,0,1283,2993,487,12,0,0,0,0,19,493,423,47,0,0,0,0,0,5,52,25,2,0,0,0,0,0,1,1,0,0,0,0,0,0,0,0,0,0,0,0,0,0,0,0,0,0,0,0,0,0,0,0,0,0,0,0
2730,1283,19,0,0,0,0,0,1304,2993,493,5,0,0,0,0,23,487,423,52,1,0,0,0,0,12,47,25,1,0,0,0,0,0,0,2,0,0,0,0,0,0,0,0,0,0,0,0,0,0,0,0,0,0,0,0,0,0,0,0,0,0,0,0
2421,1356,38,0,0,0,0,0,1350,2886,583,12,0,0,0,0,51,572,502,43,1,0,0,0,0,8,49,26,0,0,0,0,0,0,1,0,1,0,0,0,0,0,0,0,0,0,0,0,0,0,0,0,0,0,0,0,0,0,0,0,0,0,0,0
2421,1350,51,0,0,0,0,0,1356,2886,572,8,0,0,0,0,38,583,502,49,1,0,0,0,0,12,43,26,0,0,0,0,0,0,1,0,1,0,0,0,0,0,0,0,0,0,0,0,0,0,0,0,0,0,0,0,0,0,0,0,0,0,0,0
2546,1265,22,0,0,0,0,0,1254,2979,578,3,0,0,0,0,22,564,527,56,0,0,0,0,0,12,46,22,2,0,0,0,0,0,0,2,0,0,0,0,0,0,0,0,0,0,0,0,0,0,0,0,0,0,0,0,0,0,0,0,0,0,0,0
2546,1254,22,0,0,0,0,0,1265,2979,564,12,0,0,0,0,22,578,527,46,0,0,0,0,0,3,56,22,2,0,0,0,0,0,0,2,0,0,0,0,0,0,0,0,0,0,0,0,0,0,0,0,0,0,0,0,0,0,0,0,0,0,0,0
2865,1454,34,0,0,0,0,0,1437,2869,419,5,0,0,0,0,36,407,325,19,0,0,0,0,0,3,19,8,0,0,0,0,0,0,0,0,0,0,0,0,0,0,0,0,0,0,0,0,0,0,0,0,0,0,0,0,0,0,0,0,0,0,0,0
2865,1437,36,0,0,0,0,0,1454,2869,407,3,0,0,0,0,34,419,325,19,0,0,0,0,0,5,19,8,0,0,0,0,0,0,0,0,0,0,0,0,0,0,0,0,0,0,0,0,0,0,0,0,0,0,0,0,0,0,0,0,0,0,0,0
2997,1346,11,0,0,0,0,0,1331,2987,410,2,0,0,0,0,11,397,356,20,0,0,0,0,0,3,19,10,0,0,0,0,0,0,0,0,0,0,0,0,0,0,0,0,0,0,0,0,0,0,0,0,0,0,0,0,0,0,0,0,0,0,0,0
2997,1331,11,0,0,0,0,0,1346,2987,397,3,0,0,0,0,11,410,356,19,0,0,0,0,0,2,20,10,0,0,0,0,0,0,0,0,0,0,0,0,0,0,0,0,0,0,0,0,0,0,0,0,0,0,0,0,0,0,0,0,0,0,0,0
2435,1388,50,0,0,0,0,0,1375,2982,512,14,0,0,0,0,49,513,436,56,0,0,0,0,0,13,57,20,0,0,0,0,0,0,0,0,0,0,0,0,0,0,0,0,0,0,0,0,0,0,0,0,0,0,0,0,0,0,0,0,0,0,0,0
2435,1375,49,0,0,0,0,0,1388,2982,513,13,0,0,0,0,50,512,436,57,0,0,0,0,0,14,56,20,0,0,0,0,0,0,0,0,0,0,0,0,0,0,0,0,0,0,0,0,0,0,0,0,0,0,0,0,0,0,0,0,0,0,0,0
2566,1289,14,0,0,0,0,0,1281,3068,529,8,0,0,0,0,24,522,472,38,0,0,0,0,0,13,37,39,0,0,0,0,0,0,0,0,0,0,0,0,0,0,0,0,0,0,0,0,0,0,0,0,0,0,0,0,0,0,0,0,0,0,0,0
2566,1281,24,0,0,0,0,0,1289,3068,522,13,0,0,0,0,14,529,472,37,0,0,0,0,0,8,38,39,0,0,0,0,0,0,0,0,0,0,0,0,0,0,0,0,0,0,0,0,0,0,0,0,0,0,0,0,0,0,0,0,0,0,0,0
3058,1483,22,0,0,0,0,0,1481,2885,344,6,0,0,0,0,23,338,222,15,0,0,0,0,0,3,16,4,0,0,0,0,0,0,0,0,0,0,0,0,0,0,0,0,0,0,0,0,0,0,0,0,0,0,0,0,0,0,0,0,0,0,0,0
3058,1481,23,0,0,0,0,0,1483,2885,338,3,0,0,0,0,22,344,222,16,0,0,0,0,0,6,15,4,0,0,0,0,0,0,0,0,0,0,0,0,0,0,0,0,0,0,0,0,0,0,0,0,0,0,0,0,0,0,0,0,0,0,0,0
3242,1330,8,0,0,0,0,0,1326,3040,335,3,0,0,0,0,10,327,239,17,0,0,0,0,0,1,17,5,0,0,0,0,0,0,0,0,0,0,0,0,0,0,0,0,0,0,0,0,0,0,0,0,0,0,0,0,0,0,0,0,0,0,0,0
3242,1326,10,0,0,0,0,0,1330,3040,327,1,0,0,0,0,8,335,239,17,0,0,0,0,0,3,17,5,0,0,0,0,0,0,0,0,0,0,0,0,0,0,0,0,0,0,0,0,0,0,0,0,0,0,0,0,0,0,0,0,0,0,0,0
3305,1299,10,0,0,0,0,0,1296,2813,397,7,0,0,0,0,13,397,308,19,0,0,0,0,0,0,28,8,0,0,0,0,0,0,0,0,0,0,0,0,0,0,0,0,0,0,0,0,0,0,0,0,0,0,0,0,0,0,0,0,0,0,0,0
3174,1410,29,0,0,0,0,0,1421,2681,400,8,0,0,0,0,26,409,285,21,0,0,0,0,0,6,24,6,0,0,0,0,0,0,0,0,0,0,0,0,0,0,0,0,0,0,0,0,0,0,0,0,0,0,0,0,0,0,0,0,0,0,0,0
3305,1296,13,0,0,0,0,0,1299,2813,397,0,0,0,0,0,10,397,308,28,0,0,0,0,0,7,19,8,0,0,0,0,0,0,0,0,0,0,0,0,0,0,0,0,0,0,0,0,0,0,0,0,0,0,0,0,0,0,0,0,0,0,0,0
3174,1421,26,0,0,0,0,0,1410,2681,409,6,0,0,0,0,29,400,285,24,0,0,0,0,0,8,21,6,0,0,0,0,0,0,0,0,0,0,0,0,0,0,0,0,0,0,0,0,0,0,0,0,0,0,0,0,0,0,0,0,0,0,0,0
2749,1430,53,0,0,0,0,0,1433,2846,434,11,0,0,0,0,45,452,358,33,0,0,0,0,0,10,34,12,0,0,0,0,0,0,0,0,0,0,0,0,0,0,0,0,0,0,0,0,0,0,0,0,0,0,0,0,0,0,0,0,0,0,0,0
2749,1433,45,0,0,0,0,0,1430,2846,452,10,0,0,0,0,53,434,358,34,0,0,0,0,0,11,33,12,0,0,0,0,0,0,0,0,0,0,0,0,0,0,0,0,0,0,0,0,0,0,0,0,0,0,0,0,0,0,0,0,0,0,0,0
2911,1308,16,0,0,0,0,0,1288,3004,432,3,0,0,0,0,20,431,391,41,0,0,0,0,0,3,40,12,0,0,0,0,0,0,0,0,0,0,0,0,0,0,0,0,0,0,0,0,0,0,0,0,0,0,0,0,0,0,0,0,0,0,0,0
2911,1288,20,0,0,0,0,0,1308,3004,431,3,0,0,0,0,16,432,391,40,0,0,0,0,0,3,41,12,0,0,0,0,0,0,0,0,0,0,0,0,0,0,0,0,0,0,0,0,0,0,0,0,0,0,0,0,0,0,0,0,0,0,0,0
1732,1214,83,1,0,0,0,0,1221,2936,732,29,0,0,0,0,83,742,760,107,3,0,0,0,0,34,107,84,12,0,0,0,0,0,5,10,5,0,0,0,0,0,0,0,0,0,0,0,0,0,0,0,0,0,0,0,0,0,0,0,0,0,0,0
1732,1221,83,0,0,0,0,0,1214,2936,742,34,0,0,0,0,83,732,760,107,5,0,0,0,1,29,107,84,10,0,0,0,0,0,3,12,5,0,0,0,0,0,0,0,0,0,0,0,0,0,0,0,0,0,0,0,0,0,0,0,0,0,0,0
1880,1126,28,0,0,0,0,0,1129,3010,764,15,0,0,0,0,40,752,769,127,4,0,0,0,0,20,125,79,12,0,0,0,0,0,1,15,4,0,0,0,0,0,0,0,0,0,0,0,0,0,0,0,0,0,0,0,0,0,0,0,0,0,0,0
1880,1129,40,0,0,0,0,0,1126,3010,752,20,0,0,0,0,28,764,769,125,1,0,0,0,0,15,127,79,15,0,0,0,0,0,4,12,4,0,0,0,0,0,0,0,0,0,0,0,0,0,0,0,0,0,0,0,0,0,0,0,0,0,0,0
1648,1289,66,0,0,0,0,0,1278,2986,749,25,0,0,0,0,71,736,705,115,3,0,0,0,0,33,107,64,8,0,0,0,0,0,4,7,6,0,0,0,0,0,0,0,0,0,0,0,0,0,0,0,0,0,0,0,0,0,0,0,0,0,0,0
1648,1278,71,0,0,0,0,0,1289,2986,736,33,0,0,0,0,66,749,705,107,4,0,0,0,0,25,115,64,7,0,0,0,0,0,3,8,6,0,0,0,0,0,0,0,0,0,0,0,0,0,0,0,0,0,0,0,0,0,0,0,0,0,0,0
1784,1198,25,0,0,0,0,0,1181,3084,744,24,0,0,0,0,39,733,755,103,1,0,0,0,0,27,102,71,12,0,0,0,0,0,2,11,4,0,0,0,0,0,0,0,0,0,0,0,0,0,0,0,0,0,0,0,0,0,0,0,0,0,0,0
1784,1181,39,0,0,0,0,0,1198,3084,733,27,0,0,0,0,25,744,755,102,2,0,0,0,0,24,103,71,11,0,0,0,0,0,1,12,4,0,0,0,0,0,0,0,0,0,0,0,0,0,0,0,0,0,0,0,0,0,0,0,0,0,0,0
1783,1310,68,0,0,0,0,0,1299,3031,687,30,0,0,0,0,75,697,647,88,0,0,0,0,0,17,102,56,5,0,0,0,0,0,0,5,0,0,0,0,0,0,0,0,0,0,0,0,0,0,0,0,0,0,0,0,0,0,0,0,0,0,0,0
1783,1299,75,0,0,0,0,0,1310,3031,697,17,0,0,0,0,68,687,647,102,0,0,0,0,0,30,88,56,5,0,0,0,0,0,0,5,0,0,0,0,0,0,0,0,0,0,0,0,0,0,0,0,0,0,0,0,0,0,0,0,0,0,0,0
1950,1167,29,0,0,0,0,0,1180,3189,681,18,0,0,0,0,23,695,689,93,2,0,0,0,0,13,99,65,2,0,0,0,0,0,1,3,1,0,0,0,0,0,0,0,0,0,0,0,0,0,0,0,0,0,0,0,0,0,0,0,0,0,0,0
1950,1180,23,0,0,0,0,0,1167,3189,695,13,0,0,0,0,29,681,689,99,1,0,0,0,0,18,93,65,3,0,0,0,0,0,2,2,1,0,0,0,0,0,0,0,0,0,0,0,0,0,0,0,0,0,0,0,0,0,0,0,0,0,0,0
1994,1346,61,0,0,0,0,0,1338,3070,639,15,0,0,0,0,61,637,542,69,2,0,0,0,0,15,71,33,2,0,0,0,0,0,0,4,1,0,0,0,0,0,0,0,0,0,0,0,0,0,0,0,0,0,0,0,0,0,0,0,0,0,0,0
1994,1338,61,0,0,0,0,0,1346,3070,637,15,0,0,0,0,61,639,542,71,0,0,0,0,0,15,69,33,4,0,0,0,0,0,2,2,1,0,0,0,0,0,0,0,0,0,0,0,0,0,0,0,0,0,0,0,0,0,0,0,0,0,0,0
2140,1229,27,0,0,0,0,0,1220,3199,627,15,0,0,0,0,30,629,597,63,0,0,0,0,0,12,63,39,5,0,0,0,0,0,2,3,0,0,0,0,0,0,0,0,0,0,0,0,0,0,0,0,0,0,0,0,0,0,0,0,0,0,0,0
2140,1220,30,0,0,0,0,0,1229,3199,629,12,0,0,0,0,27,627,597,63,2,0,0,0,0,15,63,39,3,0,0,0,0,0,0,5,0,0,0,0,0,0,0,0,0,0,0,0,0,0,0,0,0,0,0,0,0,0,0,0,0,0,0,0
2061,1346,55,0,0,0,0,0,1343,2875,667,19,0,0,0,0,58,660,568,92,0,0,0,0,0,18,86,37,5,1,0,0,0,1,4,0,2,0,0,0,0,0,1,0,0,1,0,0,0,0,0,0,0,0,0,0,0,0,0,0,0,0,0,0
2061,1343,58,0,0,0,0,0,1346,2875,660,18,1,0,0,0,55,667,568,86,4,1,0,0,0,19,92,37,0,0,0,0,0,0,0,5,2,0,0,0,0,0,0,1,0,1,0,0,0,0,0,0,0,0,0,0,0,0,0,0,0,0,0,0
2205,1229,24,0,0,0,0,0,1225,3006,657,17,0,0,0,0,24,647,623,83,4,0,0,0,0,17,85,44,1,0,0,0,0,0,1,4,0,2,0,0,0,0,0,0,2,0,0,0,0,0,0,0,0,0,0,0,0,0,0,0,0,0,0,0
2205,1225,24,0,0,0,0,0,1229,3006,647,17,0,0,0,0,24,657,623,85,1,0,0,0,0,17,83,44,4,0,0,0,0,0,4,1,0,2,0,0,0,0,0,0,2,0,0,0,0,0,0,0,0,0,0,0,0,0,0,0,0,0,0,0
2072,1351,57,0,0,0,0,0,1350,2934,635,18,0,0,0,0,56,632,584,74,1,0,0,0,0,22,73,40,0,0,0,0,0,0,0,1,0,0,0,0,0,0,0,0,0,0,0,0,0,0,0,0,0,0,0,0,0,0,0,0,0,0,0,0
2072,1350,56,0,0,0,0,0,1351,2934,632,22,0,0,0,0,57,635,584,73,0,0,0,0,0,18,74,40,1,0,0,0,0,0,1,0,0,0,0,0,0,0,0,0,0,0,0,0,0,0,0,0,0,0,0,0,0,0,0,0,0,0,0,0
2226,1231,16,0,0,0,0,0,1234,3065,639,13,0,0,0,0,21,619,624,75,0,0,0,0,0,18,69,48,1,0,0,0,0,0,0,1,0,0,0,0,0,0,0,0,0,0,0,0,0,0,0,0,0,0,0,0,0,0,0,0,0,0,0,0
2226,1234,21,0,0,0,0,0,1231,3065,619,18,0,0,0,0,16,639,624,69,0,0,0,0,0,13,75,48,1,0,0,0,0,0,0,1,0,0,0,0,0,0,0,0,0,0,0,0,0,0,0,0,0,0,0,0,0,0,0,0,0,0,0,0
2025,1327,52,1,0,0,0,0,1339,2923,665,16,0,0,0,0,58,675,645,61,0,0,0,0,0,16,64,31,1,0,0,0,0,0,0,1,0,0,0,0,0,0,0,0,0,0,0,0,0,0,0,0,0,0,0,0,0,0,0,0,0,0,0,0
2025,1339,58,0,0,0,0,0,1327,2923,675,16,0,0,0,0,52,665,645,64,0,0,0,0,1,16,61,31,1,0,0,0,0,0,0,1,0,0,0,0,0,0,0,0,0,0,0,0,0,0,0,0,0,0,0,0,0,0,0,0,0,0,0,0
2162,1202,31,0,0,0,0,0,1220,3067,652,9,0,0,0,0,25,671,669,77,1,0,0,0,0,8,81,24,0,0,0,0,0,0,0,1,0,0,0,0,0,0,0,0,0,0,0,0,0,0,0,0,0,0,0,0,0,0,0,0,0,0,0,0
2162,1220,25,0,0,0,0,0,1202,3067,671,8,0,0,0,0,31,652,669,81,0,0,0,0,0,9,77,24,1,0,0,0,0,0,1,0,0,0,0,0,0,0,0,0,0,0,0,0,0,0,0,0,0,0,0,0,0,0,0,0,0,0,0,0
1759,1274,50,2,0,0,0,0,1271,2986,722,25,0,0,0,0,76,723,742,92,2,0,0,0,1,13,102,43,7,0,0,0,0,0,3,6,1,0,0,0,0,0,0,0,0,0,0,0,0,0,0,0,0,0,0,0,0,0,0,0,0,0,0,0
1759,1271,76,1,0,0,0,0,1274,2986,723,13,0,0,0,0,50,722,742,102,3,0,0,0,2,25,92,43,6,0,0,0,0,0,2,7,1,0,0,0,0,0,0,0,0,0,0,0,0,0,0,0,0,0,0,0,0,0,0,0,0,0,0,0
1900,1171,31,0,0,0,0,0,1161,3114,705,18,0,0,0,0,30,698,810,84,2,0,0,0,0,12,88,60,6,0,0,0,0,0,4,4,2,0,0,0,0,0,0,0,0,0,0,0,0,0,0,0,0,0,0,0,0,0,0,0,0,0,0,0
1900,1161,30,0,0,0,0,0,1171,3114,698,12,0,0,0,0,31,705,810,88,4,0,0,0,0,18,84,60,4,0,0,0,0,0,2,6,2,0,0,0,0,0,0,0,0,0,0,0,0,0,0,0,0,0,0,0,0,0,0,0,0,0,0,0
1693,1234,72,1,0,0,0,0,1238,2879,743,33,0,0,0,0,79,757,772,126,4,0,0,0,0,26,139,73,9,0,0,0,0,0,7,8,5,1,0,0,0,0,0,0,1,0,0,0,0,0,0,0,0,0,0,0,0,0,0,0,0,0,0,0
1693,1238,79,0,0,0,0,0,1234,2879,757,26,0,0,0,0,72,743,772,139,7,0,0,0,1,33,126,73,8,0,0,0,0,0,4,9,5,1,0,0,0,0,0,0,1,0,0,0,0,0,0,0,0,0,0,0,0,0,0,0,0,0,0,0
1831,1134,40,0,0,0,0,0,1133,2970,779,15,0,0,0,0,41,765,767,149,6,0,0,0,0,25,144,72,7,0,0,0,0,0,3,9,8,1,0,0,0,0,0,1,0,0,0,0,0,0,0,0,0,0,0,0,0,0,0,0,0,0,0,0
1831,1133,41,0,0,0,0,0,1134,2970,765,25,0,0,0,0,40,779,767,144,3,0,0,0,0,15,149,72,9,1,0,0,0,0,6,7,8,0,0,0,0,0,0,0,1,0,0,0,0,0,0,0,0,0,0,0,0,0,0,0,0,0,0,0
3268,1339,11,0,0,0,0,0,1340,2857,362,4,0,0,0,0,15,362,292,17,0,0,0,0,0,2,21,10,0,0,0,0,0,0,0,0,0,0,0,0,0,0,0,0,0,0,0,0,0,0,0,0,0,0,0,0,0,0,0,0,0,0,0,0
3153,1440,33,0,0,0,0,0,1440,2735,373,7,0,0,0,0,32,374,265,16,0,0,0,0,1,4,17,10,0,0,0,0,0,0,0,0,0,0,0,0,0,0,0,0,0,0,0,0,0,0,0,0,0,0,0,0,0,0,0,0,0,0,0,0
3268,1340,15,0,0,0,0,0,1339,2857,362,2,0,0,0,0,11,362,292,21,0,0,0,0,0,4,17,10,0,0,0,0,0,0,0,0,0,0,0,0,0,0,0,0,0,0,0,0,0,0,0,0,0,0,0,0,0,0,0,0,0,0,0,0
3153,1440,32,1,0,0,0,0,1440,2735,374,4,0,0,0,0,33,373,265,17,0,0,0,0,0,7,16,10,0,0,0,0,0,0,0,0,0,0,0,0,0,0,0,0,0,0,0,0,0,0,0,0,0,0,0,0,0,0,0,0,0,0,0,0
2151,1294,65,0,0,0,0,0,1295,2929,628,26,0,0,0,0,64,627,559,88,1,0,0,0,0,19,92,54,2,0,0,0,0,0,2,1,3,0,0,0,0,0,0,0,0,0,0,0,0,0,0,0,0,0,0,0,0,0,0,0,0,0,0,0
2151,1295,64,0,0,0,0,0,1294,2929,627,19,0,0,0,0,65,628,559,92,2,0,0,0,0,26,88,54,1,0,0,0,0,0,1,2,3,0,0,0,0,0,0,0,0,0,0,0,0,0,0,0,0,0,0,0,0,0,0,0,0,0,0,0
2266,1211,19,0,0,0,0,0,1210,3008,646,17,0,0,0,0,29,651,582,84,2,0,0,0,0,14,90,63,2,0,0,0,0,0,2,2,2,0,0,0,0,0,0,0,0,0,0,0,0,0,0,0,0,0,0,0,0,0,0,0,0,0,0,0
2266,1210,29,0,0,0,0,0,1211,3008,651,14,0,0,0,0,19,646,582,90,2,0,0,0,0,17,84,63,2,0,0,0,0,0,2,2,2,0,0,0,0,0,0,0,0,0,0,0,0,0,0,0,0,0,0,0,0,0,0,0,0,0,0,0
2282,1359,70,0,0,0,0,0,1344,2916,584,13,0,0,0,0,64,575,497,69,5,0,0,0,0,14,67,31,1,0,0,0,0,0,3,3,3,0,0,0,0,0,0,0,0,0,0,0,0,0,0,0,0,0,0,0,0,0,0,0,0,0,0,0
2282,1344,64,0,0,0,0,0,1359,2916,575,14,0,0,0,0,70,584,497,67,3,0,0,0,0,13,69,31,3,0,0,0,0,0,5,1,3,0,0,0,0,0,0,0,0,0,0,0,0,0,0,0,0,0,0,0,0,0,0,0,0,0,0,0
2405,1253,27,0,0,0,0,0,1258,3014,592,6,0,0,0,0,25,594,531,70,1,0,0,0,0,7,70,33,5,0,0,0,0,0,3,3,3,0,0,0,0,0,0,0,0,0,0,0,0,0,0,0,0,0,0,0,0,0,0,0,0,0,0,0
2405,1258,25,0,0,0,0,0,1253,3014,594,7,0,0,0,0,27,592,531,70,3,0,0,0,0,6,70,33,3,0,0,0,0,0,1,5,3,0,0,0,0,0,0,0,0,0,0,0,0,0,0,0,0,0,0,0,0,0,0,0,0,0,0,0
2030,1358,48,0,0,0,0,0,1358,3129,615,11,0,0,0,0,46,630,527,54,1,0,0,0,0,7,59,22,2,0,0,0,0,0,1,2,0,0,0,0,0,0,0,0,0,0,0,0,0,0,0,0,0,0,0,0,0,0,0,0,0,0,0,0
2030,1358,46,0,0,0,0,0,1358,3129,630,7,0,0,0,0,48,615,527,59,1,0,0,0,0,11,54,22,2,0,0,0,0,0,1,2,0,0,0,0,0,0,0,0,0,0,0,0,0,0,0,0,0,0,0,0,0,0,0,0,0,0,0,0
2156,1257,20,0,0,0,0,0,1253,3261,610,7,0,0,0,0,21,599,568,58,0,0,0,0,0,11,51,22,3,0,0,0,0,0,0,3,0,0,0,0,0,0,0,0,0,0,0,0,0,0,0,0,0,0,0,0,0,0,0,0,0,0,0,0
2156,1253,21,0,0,0,0,0,1257,3261,599,11,0,0,0,0,20,610,568,51,0,0,0,0,0,7,58,22,3,0,0,0,0,0,0,3,0,0,0,0,0,0,0,0,0,0,0,0,0,0,0,0,0,0,0,0,0,0,0,0,0,0,0,0
2102,1351,57,0,0,0,0,0,1351,2919,629,18,0,0,0,0,59,621,579,73,0,0,0,0,0,25,66,45,2,0,0,0,0,0,0,2,1,0,0,0,0,0,0,0,0,0,0,0,0,0,0,0,0,0,0,0,0,0,0,0,0,0,0,0
2102,1351,59,0,0,0,0,0,1351,2919,621,25,0,0,0,0,57,629,579,66,0,0,0,0,0,18,73,45,2,0,0,0,0,0,0,2,1,0,0,0,0,0,0,0,0,0,0,0,0,0,0,0,0,0,0,0,0,0,0,0,0,0,0,0
2293,1203,25,0,0,0,0,0,1209,3072,615,13,0,0,0,0,24,615,612,80,0,0,0,0,0,13,79,41,3,0,0,0,0,0,0,3,0,0,0,0,0,0,0,0,0,0,0,0,0,0,0,0,0,0,0,0,0,0,0,0,0,0,0,0
2293,1209,24,0,0,0,0,0,1203,3072,615,13,0,0,0,0,25,615,612,79,0,0,0,0,0,13,80,41,3,0,0,0,0,0,0,3,0,0,0,0,0,0,0,0,0,0,0,0,0,0,0,0,0,0,0,0,0,0,0,0,0,0,0,0
1722,1309,63,0,0,0,0,0,1295,2963,723,35,0,0,0,0,72,728,687,95,3,1,0,0,0,29,102,61,3,0,0,0,0,1,1,4,1,0,0,0,0,0,1,0,0,1,0,0,0,0,0,0,0,0,0,0,0,0,0,0,0,0,0,0
1722,1295,72,0,0,0,0,0,1309,2963,728,29,1,0,0,0,63,723,687,102,1,1,0,0,0,35,95,61,4,0,0,0,0,0,3,3,1,0,0,0,0,0,1,0,0,1,0,0,0,0,0,0,0,0,0,0,0,0,0,0,0,0,0,0
1916,1150,31,0,0,0,0,0,1148,3120,720,32,2,0,0,0,30,724,740,86,0,0,0,0,0,27,92,69,4,0,0,0,0,0,1,4,0,2,0,0,0,0,0,1,1,0,0,0,0,0,0,0,0,0,0,0,0,0,0,0,0,0,0,0
1916,1148,30,0,0,0,0,0,1150,3120,724,27,0,0,0,0,31,720,740,92,1,0,0,0,0,32,86,69,4,1,0,0,0,2,0,4,0,1,0,0,0,0,0,0,2,0,0,0,0,0,0,0,0,0,0,0,0,0,0,0,0,0,0,0
1921,1344,59,0,0,0,0,0,1336,3026,689,19,0,0,0,0,66,686,573,61,0,0,0,0,0,16,65,29,5,0,0,0,0,0,0,5,0,0,0,0,0,0,0,0,0,0,0,0,0,0,0,0,0,0,0,0,0,0,0,0,0,0,0,0
1921,1336,66,0,0,0,0,0,1344,3026,686,16,0,0,0,0,59,689,573,65,0,0,0,0,0,19,61,29,5,0,0,0,0,0,0,5,0,0,0,0,0,0,0,0,0,0,0,0,0,0,0,0,0,0,0,0,0,0,0,0,0,0,0,0
2083,1207,29,0,0,0,0,0,1206,3183,664,20,0,0,0,0,31,673,624,58,0,0,0,0,0,11,68,34,4,0,0,0,0,0,1,3,1,0,0,0,0,0,0,0,0,0,0,0,0,0,0,0,0,0,0,0,0,0,0,0,0,0,0,0
2083,1206,31,0,0,0,0,0,1207,3183,673,11,0,0,0,0,29,664,624,68,1,0,0,0,0,20,58,34,3,0,0,0,0,0,0,4,1,0,0,0,0,0,0,0,0,0,0,0,0,0,0,0,0,0,0,0,0,0,0,0,0,0,0,0
2106,1372,59,1,0,0,0,0,1360,2992,619,22,0,0,0,0,51,598,502,77,2,0,0,0,0,32,63,36,4,0,0,0,0,0,2,2,0,0,0,0,0,0,0,0,0,0,0,0,0,0,0,0,0,0,0,0,0,0,0,0,0,0,0,0
2106,1360,51,0,0,0,0,0,1372,2992,598,32,0,0,0,0,59,619,502,63,2,0,0,0,1,22,77,36,2,0,0,0,0,0,2,4,0,0,0,0,0,0,0,0,0,0,0,0,0,0,0,0,0,0,0,0,0,0,0,0,0,0,0,0
2235,1269,30,0,0,0,0,0,1261,3110,599,17,0,0,0,0,27,596,540,69,3,0,0,0,0,19,70,47,2,0,0,0,0,0,1,4,1,0,0,0,0,0,0,0,0,0,0,0,0,0,0,0,0,0,0,0,0,0,0,0,0,0,0,0
2235,1261,27,0,0,0,0,0,1269,3110,596,19,0,0,0,0,30,599,540,70,1,0,0,0,0,17,69,47,4,0,0,0,0,0,3,2,1,0,0,0,0,0,0,0,0,0,0,0,0,0,0,0,0,0,0,0,0,0,0,0,0,0,0,0
2128,1322,57,0,0,0,0,0,1340,2911,635,18,0,0,0,0,53,646,613,59,0,0,0,0,0,14,62,34,3,0,0,0,0,0,1,2,2,0,0,0,0,0,0,0,0,0,0,0,0,0,0,0,0,0,0,0,0,0,0,0,0,0,0,0
2128,1340,53,0,0,0,0,0,1322,2911,646,14,0,0,0,0,57,635,613,62,1,0,0,0,0,18,59,34,2,0,0,0,0,0,0,3,2,0,0,0,0,0,0,0,0,0,0,0,0,0,0,0,0,0,0,0,0,0,0,0,0,0,0,0
2285,1200,31,0,0,0,0,0,1200,3068,625,10,0,0,0,0,27,633,636,68,0,0,0,0,0,14,66,27,5,0,0,0,0,0,0,5,0,0,0,0,0,0,0,0,0,0,0,0,0,0,0,0,0,0,0,0,0,0,0,0,0,0,0,0
2285,1200,27,0,0,0,0,0,1200,3068,633,14,0,0,0,0,31,625,636,66,0,0,0,0,0,10,68,27,5,0,0,0,0,0,0,5,0,0,0,0,0,0,0,0,0,0,0,0,0,0,0,0,0,0,0,0,0,0,0,0,0,0,0,0
1941,1319,64,0,0,0,0,0,1343,3080,638,15,0,0,0,0,50,659,584,73,0,0,0,0,0,18,69,41,3,0,0,0,0,0,0,3,0,0,0,0,0,0,0,0,0,0,0,0,0,0,0,0,0,0,0,0,0,0,0,0,0,0,0,0
1941,1343,50,0,0,0,0,0,1319,3080,659,18,0,0,0,0,64,638,584,69,0,0,0,0,0,15,73,41,3,0,0,0,0,0,0,3,0,0,0,0,0,0,0,0,0,0,0,0,0,0,0,0,0,0,0,0,0,0,0,0,0,0,0,0
2116,1187,29,0,0,0,0,0,1182,3244,627,17,0,0,0,0,29,635,636,64,0,0,0,0,0,11,69,49,2,0,0,0,0,0,1,1,1,0,0,0,0,0,0,0,0,0,0,0,0,0,0,0,0,0,0,0,0,0,0,0,0,0,0,0
2116,1182,29,0,0,0,0,0,1187,3244,635,11,0,0,0,0,29,627,636,69,1,0,0,0,0,17,64,49,1,0,0,0,0,0,0,2,1,0,0,0,0,0,0,0,0,0,0,0,0,0,0,0,0,0,0,0,0,0,0,0,0,0,0,0
2028,1300,79,0,0,0,0,0,1321,2891,642,22,0,0,0,0,69,655,585,91,6,0,0,0,0,21,92,68,6,1,0,0,0,0,5,11,6,0,0,0,0,0,0,0,1,0,0,0,0,0,0,0,0,0,0,0,0,0,0,0,0,0,0,0
2028,1321,69,0,0,0,0,0,1300,2891,655,21,0,0,0,0,79,642,585,92,5,0,0,0,0,22,91,68,11,0,0,0,0,0,6,6,6,1,0,0,0,0,0,1,0,0,0,0,0,0,0,0,0,0,0,0,0,0,0,0,0,0,0,0
2178,1196,40,0,0,0,0,0,1209,2971,671,21,0,0,0,0,30,677,595,93,6,0,0,0,0,22,94,66,8,0,0,0,0,0,3,10,8,1,0,0,0,0,0,1,0,0,0,0,0,0,0,0,0,0,0,0,0,0,0,0,0,0,0,0
2178,1209,30,0,0,0,0,0,1196,2971,677,22,0,0,0,0,40,671,595,94,3,0,0,0,0,21,93,66,10,1,0,0,0,0,6,8,8,0,0,0,0,0,0,0,1,0,0,0,0,0,0,0,0,0,0,0,0,0,0,0,0,0,0,0
3125,1255,12,0,0,0,0,0,1269,3008,403,11,0,0,0,0,17,410,328,20,0,0,0,0,0,5,26,7,2,0,0,0,0,0,0,2,0,0,0,0,0,0,0,0,0,0,0,0,0,0,0,0,0,0,0,0,0,0,0,0,0,0,0,0
2884,1495,34,0,0,0,0,0,1490,2739,443,3,0,0,0,0,39,435,266,28,2,0,0,0,1,11,22,6,0,0,0,0,0,0,0,2,0,0,0,0,0,0,0,0,0,0,0,0,0,0,0,0,0,0,0,0,0,0,0,0,0,0,0,0
3125,1269,17,0,0,0,0,0,1255,3008,410,5,0,0,0,0,12,403,328,26,0,0,0,0,0,11,20,7,2,0,0,0,0,0,0,2,0,0,0,0,0,0,0,0,0,0,0,0,0,0,0,0,0,0,0,0,0,0,0,0,0,0,0,0
2884,1490,39,1,0,0,0,0,1495,2739,435,11,0,0,0,0,34,443,266,22,0,0,0,0,0,3,28,6,2,0,0,0,0,0,2,0,0,0,0,0,0,0,0,0,0,0,0,0,0,0,0,0,0,0,0,0,0,0,0,0,0,0,0,0
1989,1338,64,1,0,0,0,0,1341,3049,661,13,1,0,0,0,56,661,526,70,3,0,0,0,0,18,69,29,2,0,0,0,0,0,2,4,3,0,0,0,0,0,0,0,0,0,0,0,0,0,0,0,0,0,0,0,0,0,0,0,0,0,0,0
1989,1341,56,0,0,0,0,0,1338,3049,661,18,0,0,0,0,64,661,526,69,2,0,0,0,1,13,70,29,4,0,0,0,0,1,3,2,3,0,0,0,0,0,0,0,0,0,0,0,0,0,0,0,0,0,0,0,0,0,0,0,0,0,0,0
2146,1216,25,0,0,0,0,0,1212,3198,638,4,0,0,0,0,26,642,597,68,1,0,0,0,0,13,59,39,7,0,0,0,0,0,1,7,1,0,0,0,0,0,0,0,0,0,0,0,0,0,0,0,0,0,0,0,0,0,0,0,0,0,0,0
2146,1212,26,0,0,0,0,0,1216,3198,642,13,0,0,0,0,25,638,597,59,1,0,0,0,0,4,68,39,7,0,0,0,0,0,1,7,1,0,0,0,0,0,0,0,0,0,0,0,0,0,0,0,0,0,0,0,0,0,0,0,0,0,0,0
1952,1288,69,2,0,0,0,0,1303,2874,662,26,0,0,0,0,68,681,708,82,2,0,0,0,0,19,98,48,6,1,0,0,0,0,0,9,1,0,0,0,0,0,0,0,1,0,0,0,0,0,0,0,0,0,0,0,0,0,0,0,0,0,0,0
1952,1303,68,0,0,0,0,0,1288,2874,681,19,0,0,0,0,69,662,708,98,0,0,0,0,2,26,82,48,9,0,0,0,0,0,2,6,1,1,0,0,0,0,0,1,0,0,0,0,0,0,0,0,0,0,0,0,0,0,0,0,0,0,0,0
2098,1188,22,0,0,0,0,0,1180,2989,687,20,0,0,0,0,33,679,737,86,1,0,0,0,0,17,90,56,5,1,0,0,0,0,1,6,3,0,0,0,0,0,0,0,1,0,0,0,0,0,0,0,0,0,0,0,0,0,0,0,0,0,0,0
2098,1180,33,0,0,0,0,0,1188,2989,679,17,0,0,0,0,22,687,737,90,1,0,0,0,0,20,86,56,6,0,0,0,0,0,1,5,3,1,0,0,0,0,0,1,0,0,0,0,0,0,0,0,0,0,0,0,0,0,0,0,0,0,0,0
1897,1316,55,0,0,0,0,0,1305,3087,657,22,0,0,0,0,61,644,603,89,1,0,0,0,1,26,84,45,3,0,0,0,0,0,0,4,0,0,0,0,0,0,0,0,0,0,0,0,0,0,0,0,0,0,0,0,0,0,0,0,0,0,0,0
1897,1305,61,1,0,0,0,0,1316,3087,644,26,0,0,0,0,55,657,603,84,0,0,0,0,0,22,89,45,4,0,0,0,0,0,1,3,0,0,0,0,0,0,0,0,0,0,0,0,0,0,0,0,0,0,0,0,0,0,0,0,0,0,0,0
2056,1198,23,0,0,0,0,0,1196,3189,658,21,1,0,0,0,27,668,626,73,0,0,0,0,0,18,78,61,3,0,0,0,0,0,0,4,0,0,0,0,0,0,0,0,0,0,0,0,0,0,0,0,0,0,0,0,0,0,0,0,0,0,0,0
2056,1196,27,0,0,0,0,0,1198,3189,668,18,0,0,0,0,23,658,626,78,0,0,0,0,0,21,73,61,4,0,0,0,0,1,0,3,0,0,0,0,0,0,0,0,0,0,0,0,0,0,0,0,0,0,0,0,0,0,0,0,0,0,0,0
1941,1248,60,0,0,0,0,0,1255,2851,715,23,0,0,0,0,62,721,717,108,0,0,0,0,1,18,110,48,10,0,0,0,0,0,1,9,2,0,0,0,0,0,0,0,0,0,0,0,0,0,0,0,0,0,0,0,0,0,0,0,0,0,0,0
1941,1255,62,1,0,0,0,0,1248,2851,721,18,0,0,0,0,60,715,717,110,1,0,0,0,0,23,108,48,9,0,0,0,0,0,0,10,2,0,0,0,0,0,0,0,0,0,0,0,0,0,0,0,0,0,0,0,0,0,0,0,0,0,0,0
2036,1183,34,0,0,0,0,0,1175,2931,722,17,0,0,0,0,34,718,742,103,5,0,0,0,0,22,103,57,6,0,0,0,0,0,0,11,1,0,0,0,0,0,0,0,0,0,0,0,0,0,0,0,0,0,0,0,0,0,0,0,0,0,0,0
2036,1175,34,0,0,0,0,0,1183,2931,718,22,0,0,0,0,34,722,742,103,0,0,0,0,0,17,103,57,11,0,0,0,0,0,5,6,1,0,0,0,0,0,0,0,0,0,0,0,0,0,0,0,0,0,0,0,0,0,0,0,0,0,0,0
1993,1324,67,0,0,0,0,0,1320,2994,659,24,0,0,0,0,58,654,589,77,1,0,0,0,1,23,77,24,6,0,0,0,0,0,2,5,2,0,0,0,0,0,0,0,0,0,0,0,0,0,0,0,0,0,0,0,0,0,0,0,0,0,0,0
1993,1320,58,1,0,0,0,0,1324,2994,654,23,0,0,0,0,67,659,589,77,2,0,0,0,0,24,77,24,5,0,0,0,0,0,1,6,2,0,0,0,0,0,0,0,0,0,0,0,0,0,0,0,0,0,0,0,0,0,0,0,0,0,0,0
2134,1214,25,0,0,0,0,0,1220,3123,648,11,0,0,0,0,30,641,635,79,0,0,0,0,0,12,76,36,7,0,0,0,0,0,2,5,2,0,0,0,0,0,0,0,0,0,0,0,0,0,0,0,0,0,0,0,0,0,0,0,0,0,0,0
2134,1220,30,0,0,0,0,0,1214,3123,641,12,0,0,0,0,25,648,635,76,2,0,0,0,0,11,79,36,5,0,0,0,0,0,0,7,2,0,0,0,0,0,0,0,0,0,0,0,0,0,0,0,0,0,0,0,0,0,0,0,0,0,0,0
2162,1415,59,1,0,0,0,0,1427,2848,588,12,1,0,0,0,53,598,528,66,2,0,0,0,1,14,65,46,5,0,0,0,0,0,0,8,1,0,0,0,0,0,0,0,0,0,0,0,0,0,0,0,0,0,0,0,0,0,0,0,0,0,0,0
2162,1427,53,1,0,0,0,0,1415,2848,598,14,0,0,0,0,59,588,528,65,0,0,0,0,1,12,66,46,8,0,0,0,0,1,2,5,1,0,0,0,0,0,0,0,0,0,0,0,0,0,0,0,0,0,0,0,0,0,0,0,0,0,0,0
2326,1278,30,0,0,0,0,0,1289,2968,598,15,0,0,0,0,22,613,542,76,0,0,0,0,0,12,75,40,7,0,0,0,0,0,4,3,2,0,0,0,0,0,0,0,0,0,0,0,0,0,0,0,0,0,0,0,0,0,0,0,0,0,0,0
2326,1289,22,0,0,0,0,0,1278,2968,613,12,0,0,0,0,30,598,542,75,4,0,0,0,0,15,76,40,3,0,0,0,0,0,0,7,2,0,0,0,0,0,0,0,0,0,0,0,0,0,0,0,0,0,0,0,0,0,0,0,0,0,0,0
1950,1384,80,0,0,0,0,0,1387,2867,664,22,0,0,0,0,60,671,554,96,1,0,0,0,0,18,93,38,7,0,0,0,0,0,0,7,1,0,0,0,0,0,0,0,0,0,0,0,0,0,0,0,0,0,0,0,0,0,0,0,0,0,0,0
1950,1387,60,0,0,0,0,0,1384,2867,671,18,0,0,0,0,80,664,554,93,0,0,0,0,0,22,96,38,7,0,0,0,0,0,1,7,1,0,0,0,0,0,0,0,0,0,0,0,0,0,0,0,0,0,0,0,0,0,0,0,0,0,0,0
2135,1238,30,0,0,0,0,0,1231,3053,634,17,0,0,0,0,31,633,640,84,3,0,0,0,0,13,85,59,5,0,0,0,0,0,5,3,1,0,0,0,0,0,0,0,0,0,0,0,0,0,0,0,0,0,0,0,0,0,0,0,0,0,0,0
2135,1231,31,0,0,0,0,0,1238,3053,633,13,0,0,0,0,30,634,640,85,5,0,0,0,0,17,84,59,3,0,0,0,0,0,3,5,1,0,0,0,0,0,0,0,0,0,0,0,0,0,0,0,0,0,0,0,0,0,0,0,0,0,0,0
2230,1368,64,0,0,0,0,0,1373,2917,593,16,0,0,0,0,55,603,513,56,1,0,0,0,0,14,61,28,3,0,0,0,0,0,1,3,1,0,0,0,0,0,0,0,0,0,0,0,0,0,0,0,0,0,0,0,0,0,0,0,0,0,0,0
2230,1373,55,0,0,0,0,0,1368,2917,603,14,0,0,0,0,64,593,513,61,1,0,0,0,0,16,56,28,3,0,0,0,0,0,1,3,1,0,0,0,0,0,0,0,0,0,0,0,0,0,0,0,0,0,0,0,0,0,0,0,0,0,0,0
2351,1289,20,0,0,0,0,0,1272,2998,612,14,0,0,0,0,30,606,535,62,0,0,0,0,0,7,67,28,4,0,0,0,0,0,2,2,1,0,0,0,0,0,0,0,0,0,0,0,0,0,0,0,0,0,0,0,0,0,0,0,0,0,0,0
2351,1272,30,0,0,0,0,0,1289,2998,606,7,0,0,0,0,20,612,535,67,2,0,0,0,0,14,62,28,2,0,0,0,0,0,0,4,1,0,0,0,0,0,0,0,0,0,0,0,0,0,0,0,0,0,0,0,0,0,0,0,0,0,0,0
2136,1355,60,1,0,0,0,0,1361,3051,592,18,0,0,0,0,41,604,503,61,0,0,0,0,0,13,61,39,2,0,0,0,0,0,0,2,0,0,0,0,0,0,0,0,0,0,0,0,0,0,0,0,0,0,0,0,0,0,0,0,0,0,0,0
2136,1361,41,0,0,0,0,0,1355,3051,604,13,0,0,0,0,60,592,503,61,0,0,0,0,1,18,61,39,2,0,0,0,0,0,0,2,0,0,0,0,0,0,0,0,0,0,0,0,0,0,0,0,0,0,0,0,0,0,0,0,0,0,0,0
2294,1223,26,0,0,0,0,0,1233,3190,576,13,0,0,0,0,22,586,546,68,0,0,0,0,0,22,59,38,2,0,0,0,0,0,0,2,0,0,0,0,0,0,0,0,0,0,0,0,0,0,0,0,0,0,0,0,0,0,0,0,0,0,0,0
2294,1233,22,0,0,0,0,0,1223,3190,586,22,0,0,0,0,26,576,546,59,0,0,0,0,0,13,68,38,2,0,0,0,0,0,0,2,0,0,0,0,0,0,0,0,0,0,0,0,0,0,0,0,0,0,0,0,0,0,0,0,0,0,0,0
2216,1337,58,0,0,0,0,0,1330,2899,633,16,0,0,0,0,63,635,532,62,0,0,0,0,0,16,64,39,0,0,0,0,0,0,0,0,0,0,0,0,0,0,0,0,0,0,0,0,0,0,0,0,0,0,0,0,0,0,0,0,0,0,0,0
2216,1330,63,0,0,0,0,0,1337,2899,635,16,0,0,0,0,58,633,532,64,0,0,0,0,0,16,62,39,0,0,0,0,0,0,0,0,0,0,0,0,0,0,0,0,0,0,0,0,0,0,0,0,0,0,0,0,0,0,0,0,0,0,0,0
2333,1245,30,0,0,0,0,0,1253,3003,626,8,0,0,0,0,23,613,579,71,0,0,0,0,0,16,60,40,0,0,0,0,0,0,0,0,0,0,0,0,0,0,0,0,0,0,0,0,0,0,0,0,0,0,0,0,0,0,0,0,0,0,0,0
2333,1253,23,0,0,0,0,0,1245,3003,613,16,0,0,0,0,30,626,579,60,0,0,0,0,0,8,71,40,0,0,0,0,0,0,0,0,0,0,0,0,0,0,0,0,0,0,0,0,0,0,0,0,0,0,0,0,0,0,0,0,0,0,0,0
3324,1327,12,0,0,0,0,0,1331,2784,386,1,0,0,0,0,13,380,309,13,0,0,0,0,0,1,13,6,0,0,0,0,0,0,0,0,0,0,0,0,0,0,0,0,0,0,0,0,0,0,0,0,0,0,0,0,0,0,0,0,0,0,0,0
3180,1456,27,0,0,0,0,0,1465,2619,408,4,0,0,0,0,30,406,271,14,0,0,0,0,0,3,15,2,0,0,0,0,0,0,0,0,0,0,0,0,0,0,0,0,0,0,0,0,0,0,0,0,0,0,0,0,0,0,0,0,0,0,0,0
3324,1331,13,0,0,0,0,0,1327,2784,380,1,0,0,0,0,12,386,309,13,0,0,0,0,0,1,13,6,0,0,0,0,0,0,0,0,0,0,0,0,0,0,0,0,0,0,0,0,0,0,0,0,0,0,0,0,0,0,0,0,0,0,0,0
3180,1465,30,0,0,0,0,0,1456,2619,406,3,0,0,0,0,27,408,271,15,0,0,0,0,0,4,14,2,0,0,0,0,0,0,0,0,0,0,0,0,0,0,0,0,0,0,0,0,0,0,0,0,0,0,0,0,0,0,0,0,0,0,0,0
2070,1388,51,0,0,0,0,0,1395,2901,618,15,0,0,0,0,52,619,556,85,1,0,0,0,0,22,80,44,1,0,0,0,0,0,1,1,0,0,0,0,0,0,0,0,0,0,0,0,0,0,0,0,0,0,0,0,0,0,0,0,0,0,0,0
2070,1395,52,0,0,0,0,0,1388,2901,619,22,0,0,0,0,51,618,556,80,1,0,0,0,0,15,85,44,1,0,0,0,0,0,1,1,0,0,0,0,0,0,0,0,0,0,0,0,0,0,0,0,0,0,0,0,0,0,0,0,0,0,0,0
2246,1246,25,0,0,0,0,0,1239,3059,623,8,0,0,0,0,19,620,582,86,0,0,0,0,0,18,77,48,2,0,0,0,0,0,0,2,0,0,0,0,0,0,0,0,0,0,0,0,0,0,0,0,0,0,0,0,0,0,0,0,0,0,0,0
2246,1239,19,0,0,0,0,0,1246,3059,620,18,0,0,0,0,25,623,582,77,0,0,0,0,0,8,86,48,2,0,0,0,0,0,0,2,0,0,0,0,0,0,0,0,0,0,0,0,0,0,0,0,0,0,0,0,0,0,0,0,0,0,0,0
1754,1313,76,0,0,0,0,0,1317,3096,715,23,0,0,0,0,62,728,603,76,0,0,0,0,0,22,76,33,3,0,0,0,0,0,0,3,0,0,0,0,0,0,0,0,0,0,0,0,0,0,0,0,0,0,0,0,0,0,0,0,0,0,0,0
1754,1317,62,0,0,0,0,0,1313,3096,728,22,0,0,0,0,76,715,603,76,0,0,0,0,0,23,76,33,3,0,0,0,0,0,0,3,0,0,0,0,0,0,0,0,0,0,0,0,0,0,0,0,0,0,0,0,0,0,0,0,0,0,0,0
1944,1167,28,0,0,0,0,0,1167,3305,669,11,0,0,0,0,32,663,703,72,1,0,0,0,0,15,69,50,1,0,0,0,0,0,0,2,1,0,0,0,0,0,0,0,0,0,0,0,0,0,0,0,0,0,0,0,0,0,0,0,0,0,0,0
1944,1167,32,0,0,0,0,0,1167,3305,663,15,0,0,0,0,28,669,703,69,0,0,0,0,0,11,72,50,2,0,0,0,0,0,1,1,1,0,0,0,0,0,0,0,0,0,0,0,0,0,0,0,0,0,0,0,0,0,0,0,0,0,0,0
1859,1364,47,0,0,0,0,0,1353,2981,676,31,0,0,0,0,70,662,563,95,0,0,0,0,0,30,92,63,6,0,0,0,0,0,3,3,2,0,0,0,0,0,0,0,0,0,0,0,0,0,0,0,0,0,0,0,0,0,0,0,0,0,0,0
1859,1353,70,0,0,0,0,0,1364,2981,662,30,0,0,0,0,47,676,563,92,3,0,0,0,0,31,95,63,3,0,0,0,0,0,0,6,2,0,0,0,0,0,0,0,0,0,0,0,0,0,0,0,0,0,0,0,0,0,0,0,0,0,0,0
2022,1231,34,0,0,0,0,0,1210,3156,642,21,0,0,0,0,37,627,623,96,3,0,0,0,0,22,97,67,4,0,0,0,0,0,0,7,1,0,0,0,0,0,0,0,0,0,0,0,0,0,0,0,0,0,0,0,0,0,0,0,0,0,0,0
2022,1210,37,0,0,0,0,0,1231,3156,627,22,0,0,0,0,34,642,623,97,0,0,0,0,0,21,96,67,7,0,0,0,0,0,3,4,1,0,0,0,0,0,0,0,0,0,0,0,0,0,0,0,0,0,0,0,0,0,0,0,0,0,0,0
2190,1352,76,0,0,0,0,0,1371,2849,585,18,0,0,0,0,48,607,574,84,1,0,0,0,0,26,75,35,3,0,0,0,0,0,2,2,2,0,0,0,0,0,0,0,0,0,0,0,0,0,0,0,0,0,0,0,0,0,0,0,0,0,0,0
2190,1371,48,0,0,0,0,0,1352,2849,607,26,0,0,0,0,76,585,574,75,2,0,0,0,0,18,84,35,2,0,0,0,0,0,1,3,2,0,0,0,0,0,0,0,0,0,0,0,0,0,0,0,0,0,0,0,0,0,0,0,0,0,0,0
2377,1217,26,0,0,0,0,0,1206,2993,621,11,0,0,0,0,31,609,585,77,2,0,0,0,0,16,76,43,4,0,0,0,0,0,1,5,0,0,0,0,0,0,0,0,0,0,0,0,0,0,0,0,0,0,0,0,0,0,0,0,0,0,0,0
2377,1206,31,0,0,0,0,0,1217,2993,609,16,0,0,0,0,26,621,585,76,1,0,0,0,0,11,77,43,5,0,0,0,0,0,2,4,0,0,0,0,0,0,0,0,0,0,0,0,0,0,0,0,0,0,0,0,0,0,0,0,0,0,0,0
2189,1374,56,0,0,0,0,0,1385,2947,589,8,0,0,0,0,47,583,548,63,0,0,0,0,0,16,52,41,1,0,0,0,0,0,0,1,0,0,0,0,0,0,0,0,0,0,0,0,0,0,0,0,0,0,0,0,0,0,0,0,0,0,0,0
2189,1385,47,0,0,0,0,0,1374,2947,583,16,0,0,0,0,56,589,548,52,0,0,0,0,0,8,63,41,1,0,0,0,0,0,0,1,0,0,0,0,0,0,0,0,0,0,0,0,0,0,0,0,0,0,0,0,0,0,0,0,0,0,0,0
2327,1247,35,0,0,0,0,0,1280,3055,579,13,0,0,0,0,25,597,564,65,0,0,0,0,0,8,70,33,1,0,0,0,0,0,0,1,0,0,0,0,0,0,0,0,0,0,0,0,0,0,0,0,0,0,0,0,0,0,0,0,0,0,0,0
2327,1280,25,0,0,0,0,0,1247,3055,597,8,0,0,0,0,35,579,564,70,0,0,0,0,0,13,65,33,1,0,0,0,0,0,0,1,0,0,0,0,0,0,0,0,0,0,0,0,0,0,0,0,0,0,0,0,0,0,0,0,0,0,0,0
2026,1283,63,2,0,0,0,0,1298,3081,632,20,0,0,0,0,64,641,551,84,1,0,0,0,0,15,89,39,4,0,0,0,0,0,2,3,2,0,0,0,0,0,0,0,0,0,0,0,0,0,0,0,0,0,0,0,0,0,0,0,0,0,0,0
2026,1298,64,0,0,0,0,0,1283,3081,641,15,0,0,0,0,63,632,551,89,2,0,0,0,2,20,84,39,3,0,0,0,0,0,1,4,2,0,0,0,0,0,0,0,0,0,0,0,0,0,0,0,0,0,0,0,0,0,0,0,0,0,0,0
2124,1228,33,0,0,0,0,0,1233,3155,616,19,0,0,0,0,23,631,601,82,0,0,0,0,0,18,84,40,6,0,0,0,0,0,1,5,1,0,0,0,0,0,0,0,0,0,0,0,0,0,0,0,0,0,0,0,0,0,0,0,0,0,0,0
2124,1233,23,0,0,0,0,0,1228,3155,631,18,0,0,0,0,33,616,601,84,1,0,0,0,0,19,82,40,5,0,0,0,0,0,0,6,1,0,0,0,0,0,0,0,0,0,0,0,0,0,0,0,0,0,0,0,0,0,0,0,0,0,0,0
1934,1288,66,0,0,0,0,0,1306,2989,655,33,0,0,0,0,55,687,599,95,3,0,0,0,0,22,107,45,4,0,0,0,0,0,2,5,5,0,0,0,0,0,0,0,0,0,0,0,0,0,0,0,0,0,0,0,0,0,0,0,0,0,0,0
1934,1306,55,0,0,0,0,0,1288,2989,687,22,0,0,0,0,66,655,599,107,2,0,0,0,0,33,95,45,5,0,0,0,0,0,3,4,5,0,0,0,0,0,0,0,0,0,0,0,0,0,0,0,0,0,0,0,0,0,0,0,0,0,0,0
2064,1199,25,0,0,0,0,0,1184,3125,657,18,1,0,0,0,35,648,658,91,5,0,0,0,1,20,94,61,2,0,0,0,0,0,3,5,4,0,0,0,0,0,0,0,0,0,0,0,0,0,0,0,0,0,0,0,0,0,0,0,0,0,0,0
2064,1184,35,1,0,0,0,0,1199,3125,648,20,0,0,0,0,25,657,658,94,3,0,0,0,0,18,91,61,5,0,0,0,0,1,5,2,4,0,0,0,0,0,0,0,0,0,0,0,0,0,0,0,0,0,0,0,0,0,0,0,0,0,0,0
1792,1297,66,1,0,0,0,0,1289,3036,698,32,0,0,0,0,71,708,644,82,2,0,0,0,0,26,89,53,5,0,0,0,0,0,4,3,2,0,0,0,0,0,0,0,0,0,0,0,0,0,0,0,0,0,0,0,0,0,0,0,0,0,0,0
1792,1289,71,0,0,0,0,0,1297,3036,708,26,0,0,0,0,66,698,644,89,4,0,0,0,1,32,82,53,3,0,0,0,0,0,2,5,2,0,0,0,0,0,0,0,0,0,0,0,0,0,0,0,0,0,0,0,0,0,0,0,0,0,0,0
1983,1143,30,0,0,0,0,0,1146,3224,682,23,0,0,0,0,24,673,708,84,3,0,0,0,0,17,87,62,2,0,0,0,0,0,2,3,4,0,0,0,0,0,0,0,0,0,0,0,0,0,0,0,0,0,0,0,0,0,0,0,0,0,0,0
1983,1146,24,0,0,0,0,0,1143,3224,673,17,0,0,0,0,30,682,708,87,2,0,0,0,0,23,84,62,3,0,0,0,0,0,3,2,4,0,0,0,0,0,0,0,0,0,0,0,0,0,0,0,0,0,0,0,0,0,0,0,0,0,0,0
1966,1309,72,0,0,0,0,0,1324,2878,677,27,0,0,0,0,54,697,620,91,1,0,0,0,2,23,96,56,3,0,0,0,0,0,0,4,0,0,0,0,0,0,0,0,0,0,0,0,0,0,0,0,0,0,0,0,0,0,0,0,0,0,0,0
1966,1324,54,2,0,0,0,0,1309,2878,697,23,0,0,0,0,72,677,620,96,0,0,0,0,0,27,91,56,4,0,0,0,0,0,1,3,0,0,0,0,0,0,0,0,0,0,0,0,0,0,0,0,0,0,0,0,0,0,0,0,0,0,0,0
2105,1214,30,0,0,0,0,0,1228,2985,671,14,0,0,0,0,26,692,653,92,3,0,0,0,0,16,96,70,1,0,0,0,0,0,0,4,0,0,0,0,0,0,0,0,0,0,0,0,0,0,0,0,0,0,0,0,0,0,0,0,0,0,0,0
2105,1228,26,0,0,0,0,0,1214,2985,692,16,0,0,0,0,30,671,653,96,0,0,0,0,0,14,92,70,4,0,0,0,0,0,3,1,0,0,0,0,0,0,0,0,0,0,0,0,0,0,0,0,0,0,0,0,0,0,0,0,0,0,0,0
1725,1293,68,1,0,0,0,0,1275,2887,760,31,0,0,0,0,95,724,724,109,4,0,0,0,0,30,105,46,7,0,0,0,0,1,4,6,5,0,0,0,0,0,0,0,0,0,0,0,0,0,0,0,0,0,0,0,0,0,0,0,0,0,0,0
1725,1275,95,0,0,0,0,0,1293,2887,724,30,1,0,0,0,68,760,724,105,4,0,0,0,1,31,109,46,6,0,0,0,0,0,4,7,5,0,0,0,0,0,0,0,0,0,0,0,0,0,0,0,0,0,0,0,0,0,0,0,0,0,0,0
1883,1174,35,0,0,0,0,0,1172,3010,746,19,0,0,0,0,43,740,760,108,3,0,0,0,0,17,107,59,8,0,0,0,0,0,4,7,5,0,0,0,0,0,0,0,0,0,0,0,0,0,0,0,0,0,0,0,0,0,0,0,0,0,0,0
1883,1172,43,0,0,0,0,0,1174,3010,740,17,0,0,0,0,35,746,760,107,4,0,0,0,0,19,108,59,7,0,0,0,0,0,3,8,5,0,0,0,0,0,0,0,0,0,0,0,0,0,0,0,0,0,0,0,0,0,0,0,0,0,0,0
3313,1367,12,0,0,0,0,0,1353,2936,314,2,0,0,0,0,11,318,242,12,0,0,0,0,0,1,13,6,0,0,0,0,0,0,0,0,0,0,0,0,0,0,0,0,0,0,0,0,0,0,0,0,0,0,0,0,0,0,0,0,0,0,0,0
3166,1501,20,0,0,0,0,0,1488,2786,329,4,0,0,0,0,25,324,227,12,0,0,0,0,0,1,13,4,0,0,0,0,0,0,0,0,0,0,0,0,0,0,0,0,0,0,0,0,0,0,0,0,0,0,0,0,0,0,0,0,0,0,0,0
3313,1353,11,0,0,0,0,0,1367,2936,318,1,0,0,0,0,12,314,242,13,0,0,0,0,0,2,12,6,0,0,0,0,0,0,0,0,0,0,0,0,0,0,0,0,0,0,0,0,0,0,0,0,0,0,0,0,0,0,0,0,0,0,0,0
3166,1488,25,0,0,0,0,0,1501,2786,324,1,0,0,0,0,20,329,227,13,0,0,0,0,0,4,12,4,0,0,0,0,0,0,0,0,0,0,0,0,0,0,0,0,0,0,0,0,0,0,0,0,0,0,0,0,0,0,0,0,0,0,0,0
3053,1311,13,0,0,0,0,0,1335,3073,370,7,0,0,0,0,16,377,298,13,0,0,0,0,0,1,19,10,2,0,0,0,0,0,0,2,0,0,0,0,0,0,0,0,0,0,0,0,0,0,0,0,0,0,0,0,0,0,0,0,0,0,0,0
2906,1449,22,0,0,0,0,0,1443,2945,392,4,0,0,0,0,35,378,273,19,0,0,0,0,1,4,17,8,2,0,0,0,0,1,0,1,0,0,0,0,0,0,0,0,0,0,0,0,0,0,0,0,0,0,0,0,0,0,0,0,0,0,0,0
3053,1335,16,0,0,0,0,0,1311,3073,377,1,0,0,0,0,13,370,298,19,0,0,0,0,0,7,13,10,2,0,0,0,0,0,0,2,0,0,0,0,0,0,0,0,0,0,0,0,0,0,0,0,0,0,0,0,0,0,0,0,0,0,0,0
2906,1443,35,1,0,0,0,0,1449,2945,378,4,1,0,0,0,22,392,273,17,0,0,0,0,0,4,19,8,1,0,0,0,0,0,0,2,0,0,0,0,0,0,0,0,0,0,0,0,0,0,0,0,0,0,0,0,0,0,0,0,0,0,0,0
3407,1343,16,0,0,0,0,0,1342,2848,319,2,0,0,0,0,7,328,243,18,0,0,0,0,0,3,17,5,1,0,0,0,0,0,0,1,0,0,0,0,0,0,0,0,0,0,0,0,0,0,0,0,0,0,0,0,0,0,0,0,0,0,0,0
3277,1447,29,0,0,0,0,0,1454,2736,332,2,0,0,0,0,22,341,213,19,1,0,0,0,0,2,20,4,0,0,0,0,0,0,0,1,0,0,0,0,0,0,0,0,0,0,0,0,0,0,0,0,0,0,0,0,0,0,0,0,0,0,0,0
3407,1342,7,0,0,0,0,0,1343,2848,328,3,0,0,0,0,16,319,243,17,0,0,0,0,0,2,18,5,1,0,0,0,0,0,0,1,0,0,0,0,0,0,0,0,0,0,0,0,0,0,0,0,0,0,0,0,0,0,0,0,0,0,0,0
3277,1454,22,0,0,0,0,0,1447,2736,341,2,0,0,0,0,29,332,213,20,0,0,0,0,0,2,19,4,1,0,0,0,0,0,1,0,0,0,0,0,0,0,0,0,0,0,0,0,0,0,0,0,0,0,0,0,0,0,0,0,0,0,0,0
2570,1241,22,0,0,0,0,0,1231,3033,513,16,2,0,0,0,21,490,457,57,20,3,0,0,0,27,52,33,10,3,1,4,0,3,9,20,6,1,4,4,0,1,3,1,5,4,2,0,0,1,1,1,3,2,2,1,0,0,1,2,1,3,2,11
2072,1351,57,0,0,0,0,0,1350,2934,635,18,0,0,0,0,56,632,584,74,1,0,0,0,0,22,73,40,0,0,0,0,0,0,0,1,0,0,0,0,0,0,0,0,0,0,0,0,0,0,0,0,0,0,0,0,0,0,0,0,0,0,0,0
2116,1187,29,0,0,0,0,0,1182,3244,627,17,0,0,0,0,29,635,636,64,0,0,0,0,0,11,69,49,2,0,0,0,0,0,1,1,1,0,0,0,0,0,0,0,0,0,0,0,0,0,0,0,0,0,0,0,0,0,0,0,0,0,0,0
2377,1217,26,0,0,0,0,0,1206,2993,621,11,0,0,0,0,31,609,585,77,2,0,0,0,0,16,76,43,4,0,0,0,0,0,1,5,0,0,0,0,0,0,0,0,0,0,0,0,0,0,0,0,0,0,0,0,0,0,0,0,0,0,0,0
